SR_NO,TIME_STR,WIND_DIR,WIND_SP,TEMP_DEG,DEWPOINT_DEG,PRESSURE_MBAR,QNH_MBAR,QFE_MBAR,TIME_VAL
1,00:00,95,10.1,-15.7,0,969.6,969,969.6,0
2,00:01,95,9.4,-15.8,0,969.6,969,969.6,60
3,00:02,95,9.8,-15.9,0,969.6,969,969.6,120
4,00:03,96,10.2,-15.8,0,969.6,969,969.6,180
5,00:04,95,10.1,-15.9,0,969.6,969,969.6,240
6,00:05,94,10.9,-16,0,969.6,969,969.6,300
7,00:06,95,9.6,-16.1,0,969.7,969,969.7,360
8,00:07,95,10.6,-16.1,0,969.6,969,969.6,420
9,00:08,95,10.2,-16.2,0,969.6,969,969.6,480
10,00:09,94,10.4,-16,0,969.7,969,969.7,540
11,00:10,94,10.7,-16.1,0,969.6,969,969.6,600
12,00:11,96,11,-16.1,0,969.6,969,969.6,660
13,00:12,97,10.1,-16.1,0,969.7,969,969.7,720
14,00:13,97,10.6,-16.1,0,969.7,969,969.7,780
15,00:14,99,10,-16.1,0,969.8,969,969.8,840
16,00:15,99,9.9,-16,0,969.8,969.1,969.8,900
17,00:16,99,9.6,-16,0,969.8,969.1,969.8,960
18,00:17,96,9.1,-16.1,0,969.8,969.1,969.8,1020
19,00:18,101,8.8,-16.3,0,969.8,969.3,969.8,1080
20,00:19,101,8.9,-16.3,0,969.8,969.6,969.8,1140
21,00:20,99,9.1,-16.3,0,969.8,969.2,969.8,1200
22,00:21,92,9.9,-16.3,0,969.8,969,969.8,1260
23,00:22,90,10.7,-16.3,0,969.7,969,969.7,1320
24,00:23,92,11.4,-16.4,0,969.7,969,969.7,1380
25,00:24,95,10.4,-16.6,0,969.7,969,969.7,1440
26,00:25,97,9.5,-16.6,0,969.8,969,969.8,1500
27,00:26,94,10.1,-16.3,0,969.8,969,969.8,1560
28,00:27,94,9.9,-15.8,0,969.7,969,969.7,1620
29,00:28,94,10.7,-15.7,0,969.8,969,969.8,1680
30,00:29,95,10.5,-15.9,0,969.8,969,969.8,1740
31,00:30,96,10.1,-15.9,0,969.8,969.1,969.8,1800
32,00:31,94,10.9,-16,0,969.7,969,969.7,1860
33,00:32,94,10.8,-15.9,0,969.7,969,969.7,1920
34,00:33,93,11.7,-15.9,0,969.7,969,969.7,1980
35,00:34,94,11.6,-15.9,0,969.7,969,969.7,2040
36,00:35,95,10,-16,0,969.8,969,969.8,2100
37,00:36,95,9.7,-15.9,0,969.8,969,969.8,2160
38,00:37,96,10.1,-15.7,0,969.8,969.6,969.8,2220
39,00:38,94,10,-15.6,0,969.8,969,969.8,2280
40,00:39,95,10.3,-15.7,0,969.8,969,969.8,2340
41,00:40,94,10.1,-15.8,0,969.8,969,969.8,2400
42,00:41,95,10.1,-16,0,969.8,969,969.8,2460
43,00:42,95,9.5,-16,0,969.8,969,969.8,2520
44,00:43,94,9.6,-16,0,969.8,969,969.8,2580
45,00:44,96,10.2,-16.1,0,969.7,969,969.7,2640
46,00:45,96,10.3,-16.2,0,969.8,969.2,969.8,2700
47,00:46,100,9.1,-16.2,0,969.9,970,969.9,2760
48,00:47,103,8.9,-16.2,0,969.9,970,969.9,2820
49,00:48,98,8.6,-16.1,0,969.9,970,969.9,2880
50,00:49,94,9.3,-16,0,969.9,970,969.9,2940
51,00:50,94,10.4,-16.1,0,969.8,969.3,969.8,3000
52,00:51,96,10.6,-16.3,0,969.9,970,969.9,3060
53,00:52,96,10,-16.5,0,969.9,970,969.9,3120
54,00:53,98,9.9,-16.7,0,969.9,970,969.9,3180
55,00:54,96,8.8,-16.6,0,969.9,970,969.9,3240
56,00:55,97,9.4,-16.4,0,969.9,970,969.9,3300
57,00:56,98,9.5,-16.3,0,969.9,970,969.9,3360
58,00:57,98,9.2,-16.4,0,969.9,970,969.9,3420
59,00:58,99,9.5,-16.4,0,969.9,970,969.9,3480
60,00:59,100,9,-16.5,0,969.9,970,969.9,3540
61,01:00,102,9.2,-16.5,0,969.9,970,969.9,3600
62,01:01,100,9,-16.6,0,969.9,970,969.9,3660
63,01:02,101,9,-16.6,0,969.9,970,969.9,3720
64,01:03,98,9.2,-16.6,0,969.9,970,969.9,3780
65,01:04,96,9,-16.7,0,969.9,970,969.9,3840
66,01:05,97,8.5,-16.8,0,969.9,970,969.9,3900
67,01:06,99,8.6,-16.8,0,969.9,970,969.9,3960
68,01:07,97,8.5,-16.9,0,970,970,970,4020
69,01:08,95,9.4,-16.8,0,969.9,969.8,969.9,4080
70,01:09,95,10.2,-16.8,0,969.8,969.3,969.8,4140
71,01:10,98,9.4,-16.9,0,969.9,970,969.9,4200
72,01:11,93,9.6,-16.9,0,969.8,969.7,969.8,4260
73,01:12,94,10.7,-17,0,969.8,969,969.8,4320
74,01:13,94,10.7,-16.8,0,969.7,969,969.7,4380
75,01:14,97,9.7,-16.6,0,969.8,969.6,969.8,4440
76,01:15,101,9.3,-16.7,0,969.9,970,969.9,4500
77,01:16,97,9.3,-16.5,0,969.9,970,969.9,4560
78,01:17,97,9.4,-16.2,0,969.8,969.6,969.8,4620
79,01:18,98,9.4,-16.1,0,969.8,969.3,969.8,4680
80,01:19,100,9.3,-16.3,0,969.8,969.1,969.8,4740
81,01:20,100,9.3,-16.5,0,969.8,969,969.8,4800
82,01:21,99,9.7,-16.6,0,969.8,969,969.8,4860
83,01:22,100,9.4,-16.7,0,969.7,969,969.7,4920
84,01:23,100,9.8,-16.7,0,969.8,969,969.8,4980
85,01:24,100,9.8,-16.8,0,969.8,969,969.8,5040
86,01:25,99,9.8,-16.8,0,969.8,969.1,969.8,5100
87,01:26,101,10,-16.8,0,969.8,969.1,969.8,5160
88,01:27,100,9.7,-16.8,0,969.8,969.1,969.8,5220
89,01:28,100,9.8,-16.8,0,969.8,969.3,969.8,5280
90,01:29,98,9.8,-16.9,0,969.8,969.2,969.8,5340
91,01:30,97,9.1,-16.9,0,969.8,969.7,969.8,5400
92,01:31,98,9.6,-16.9,0,969.8,969.3,969.8,5460
93,01:32,99,10.1,-16.8,0,969.8,969.2,969.8,5520
94,01:33,100,9.7,-16.9,0,969.8,969.3,969.8,5580
95,01:34,101,9.7,-16.9,0,969.8,969.1,969.8,5640
96,01:35,102,9.4,-16.9,0,969.8,969.5,969.8,5700
97,01:36,99,9.1,-16.9,0,969.8,969,969.8,5760
98,01:37,99,9.3,-16.9,0,969.8,969.1,969.8,5820
99,01:38,101,10.4,-17,0,969.8,969.6,969.8,5880
100,01:39,101,10.5,-17,0,969.8,969.6,969.8,5940
101,01:40,100,9.9,-17,0,969.8,969.8,969.8,6000
102,01:41,99,9.8,-17,0,969.9,970,969.9,6060
103,01:42,98,9.4,-17,0,969.9,970,969.9,6120
104,01:43,93,8.9,-16.9,0,969.9,970,969.9,6180
105,01:44,96,8.7,-16.9,0,969.9,970,969.9,6240
106,01:45,97,8.8,-16.9,0,969.9,970,969.9,6300
107,01:46,96,9,-17,0,970,970,970,6360
108,01:47,95,8.9,-17,0,969.9,970,969.9,6420
109,01:48,98,9.3,-16.9,0,970,970,970,6480
110,01:49,97,9.4,-16.8,0,970,970,970,6540
111,01:50,96,10,-16.9,0,970,970,970,6600
112,01:51,99,10.3,-16.9,0,970,970,970,6660
113,01:52,98,10.3,-16.9,0,970,970,970,6720
114,01:53,101,10.3,-16.9,0,970,970,970,6780
115,01:54,100,9.9,-17,0,970,970,970,6840
116,01:55,99,10.6,-17,0,970.1,970,970.1,6900
117,01:56,99,10.2,-17,0,970.1,970,970.1,6960
118,01:57,100,9.9,-17,0,970.1,970,970.1,7020
119,01:58,98,10.4,-16.9,0,970.1,970,970.1,7080
120,01:59,98,10.2,-17,0,970.1,970,970.1,7140
121,02:00,97,9.7,-17,0,970.1,970,970.1,7200
122,02:01,97,9.5,-17,0,970.1,970,970.1,7260
123,02:02,95,9.9,-17,0,970.1,970,970.1,7320
124,02:03,98,10.4,-17,0,970.1,970,970.1,7380
125,02:04,99,10.5,-17,0,970.2,970,970.2,7440
126,02:05,99,10.2,-17.1,0,970.2,970,970.2,7500
127,02:06,102,9.9,-17.1,0,970.2,970,970.2,7560
128,02:07,102,9.2,-17.1,0,970.3,970,970.3,7620
129,02:08,102,9.1,-17.1,0,970.3,970,970.3,7680
130,02:09,100,9,-17,0,970.3,970,970.3,7740
131,02:10,99,9,-17.1,0,970.3,970,970.3,7800
132,02:11,100,9.8,-17.2,0,970.3,970,970.3,7860
133,02:12,101,9.7,-17.2,0,970.3,970,970.3,7920
134,02:13,101,10,-17.2,0,970.3,970,970.3,7980
135,02:14,103,10.1,-17.2,0,970.3,970,970.3,8040
136,02:15,103,9.6,-17.2,0,970.4,970,970.4,8100
137,02:16,102,9.1,-17.2,0,970.4,970,970.4,8160
138,02:17,101,9,-17.2,0,970.5,970,970.5,8220
139,02:18,99,9,-17.1,0,970.5,970,970.5,8280
140,02:19,100,9.1,-17.1,0,970.4,970,970.4,8340
141,02:20,102,9.4,-17,0,970.5,970,970.5,8400
142,02:21,103,9.8,-17.1,0,970.5,970,970.5,8460
143,02:22,102,10,-17.1,0,970.5,970,970.5,8520
144,02:23,99,10.2,-17.1,0,970.5,970,970.5,8580
145,02:24,102,10.2,-17.1,0,970.5,970,970.5,8640
146,02:25,102,9.6,-17,0,970.6,970,970.6,8700
147,02:26,103,10.1,-17,0,970.6,970,970.6,8760
148,02:27,102,9.7,-17,0,970.6,970,970.6,8820
149,02:28,101,9.1,-17,0,970.6,970,970.6,8880
150,02:29,103,9.8,-17,0,970.6,970,970.6,8940
151,02:30,102,9.3,-17.1,0,970.7,970,970.7,9000
152,02:31,103,9.8,-17.1,0,970.7,970,970.7,9060
153,02:32,101,9.5,-17.1,0,970.7,970,970.7,9120
154,02:33,103,9.3,-17,0,970.7,970,970.7,9180
155,02:34,100,9.5,-17,0,970.7,970,970.7,9240
156,02:35,101,9.2,-17,0,970.7,970,970.7,9300
157,02:36,103,10,-17,0,970.7,970,970.7,9360
158,02:37,100,9.6,-17,0,970.8,970,970.8,9420
159,02:38,102,9.8,-16.9,0,970.8,970.4,970.8,9480
160,02:39,104,9.8,-16.9,0,970.9,971,970.9,9540
161,02:40,102,9.3,-16.8,0,970.9,971,970.9,9600
162,02:41,103,9.2,-16.9,0,970.9,971,970.9,9660
163,02:42,104,9.4,-17,0,970.9,971,970.9,9720
164,02:43,103,9.5,-17,0,971,971,971,9780
165,02:44,104,9.7,-17,0,971,971,971,9840
166,02:45,103,9.3,-17.2,0,971,971,971,9900
167,02:46,100,9.7,-17.2,0,971,971,971,9960
168,02:47,101,9,-17.2,0,971,971,971,10020
169,02:48,101,8.6,-17.2,0,971,971,971,10080
170,02:49,104,9,-17.2,0,971,971,971,10140
171,02:50,101,8.9,-17.2,0,971,971,971,10200
172,02:51,101,8.4,-17.2,0,971,971,971,10260
173,02:52,103,9,-17.3,0,971,971,971,10320
174,02:53,102,9.3,-17.3,0,971,971,971,10380
175,02:54,102,9.1,-17.3,0,970.9,971,970.9,10440
176,02:55,105,8.7,-17.3,0,971,971,971,10500
177,02:56,100,8.3,-17.3,0,971,971,971,10560
178,02:57,100,7.9,-17.3,0,971,971,971,10620
179,02:58,99,8.5,-17.4,0,971,971,971,10680
180,02:59,104,9,-17.4,0,971,971,971,10740
181,03:00,103,8.8,-17.4,0,971,971,971,10800
182,03:01,103,9,-17.4,0,971,971,971,10860
183,03:02,102,9.3,-17.4,0,970.9,971,970.9,10920
184,03:03,102,9.6,-17.4,0,970.9,970.9,970.9,10980
185,03:04,101,9.7,-17.3,0,970.8,970.6,970.8,11040
186,03:05,100,9.8,-17.3,0,970.8,970.8,970.8,11100
187,03:06,99,9.7,-17.2,0,970.8,970.6,970.8,11160
188,03:07,99,9,-17.1,0,970.9,971,970.9,11220
189,03:08,99,9.1,-17,0,970.8,970.9,970.8,11280
190,03:09,100,9.8,-17,0,970.8,970.9,970.8,11340
191,03:10,100,10.7,-17,0,970.8,970.4,970.8,11400
192,03:11,101,10.6,-17,0,970.8,970.8,970.8,11460
193,03:12,98,10.4,-17.1,0,970.9,971,970.9,11520
194,03:13,99,9.9,-17.1,0,970.9,971,970.9,11580
195,03:14,99,9.9,-17,0,970.9,971,970.9,11640
196,03:15,100,10.2,-17,0,970.9,971,970.9,11700
197,03:16,97,9.7,-17,0,971,971,971,11760
198,03:17,99,10.3,-17.1,0,971,971,971,11820
199,03:18,98,10.4,-17.1,0,971,971,971,11880
200,03:19,98,11,-17.2,0,971,971,971,11940
201,03:20,99,10.2,-17.3,0,971,971,971,12000
202,03:21,100,10.9,-17.3,0,971,971,971,12060
203,03:22,100,10.1,-17.2,0,971,971,971,12120
204,03:23,100,10.4,-17.2,0,971,971,971,12180
205,03:24,99,10.4,-17.2,0,971,971,971,12240
206,03:25,100,10.1,-17.2,0,971,971,971,12300
207,03:26,98,10.4,-17.2,0,971,971,971,12360
208,03:27,99,10.1,-17.3,0,971,971,971,12420
209,03:28,98,10.2,-17.3,0,971,971,971,12480
210,03:29,99,10.4,-17.2,0,971,971,971,12540
211,03:30,102,10.5,-17.2,0,971,971,971,12600
212,03:31,100,9.8,-17.1,0,971,971,971,12660
213,03:32,99,9.8,-17.1,0,971,971,971,12720
214,03:33,97,9.3,-17,0,971,971,971,12780
215,03:34,94,8.6,-16.9,0,971,971,971,12840
216,03:35,95,8.8,-17,0,971,971,971,12900
217,03:36,100,9.2,-17,0,971,971,971,12960
218,03:37,98,9.7,-17,0,971,971,971,13020
219,03:38,98,9.5,-17.1,0,971,971,971,13080
220,03:39,97,10.3,-17,0,971,971,971,13140
221,03:40,98,10.1,-16.9,0,971,971,971,13200
222,03:41,97,10.6,-17,0,971,971,971,13260
223,03:42,98,11,-17,0,970.9,971,970.9,13320
224,03:43,97,10.9,-17,0,970.9,971,970.9,13380
225,03:44,96,10.5,-17,0,971,971,971,13440
226,03:45,95,10.8,-16.9,0,970.9,971,970.9,13500
227,03:46,97,10.6,-16.8,0,970.9,971,970.9,13560
228,03:47,97,11.6,-16.7,0,970.9,971,970.9,13620
229,03:48,96,10.9,-16.7,0,970.9,971,970.9,13680
230,03:49,97,10.9,-16.7,0,970.9,971,970.9,13740
231,03:50,96,10.4,-16.6,0,970.9,971,970.9,13800
232,03:51,96,10.8,-16.5,0,971,971,971,13860
233,03:52,96,10.6,-16.3,0,970.9,971,970.9,13920
234,03:53,96,9.9,-16.2,0,971,971,971,13980
235,03:54,96,10.8,-16.3,0,970.9,971,970.9,14040
236,03:55,95,10.7,-16.4,0,970.9,971,970.9,14100
237,03:56,95,9.6,-16.3,0,971,971,971,14160
238,03:57,96,9.8,-16.2,0,971,971,971,14220
239,03:58,96,10.8,-16.1,0,970.9,971,970.9,14280
240,03:59,97,10.7,-15.9,0,971,971,971,14340
241,04:00,99,11,-15.9,0,971,971,971,14400
242,04:01,99,10.6,-15.9,0,971,971,971,14460
243,04:02,99,9.9,-15.7,0,971.1,971,971.1,14520
244,04:03,98,11.4,-15.7,0,971,971,971,14580
245,04:04,98,11.3,-15.6,0,971.1,971,971.1,14640
246,04:05,96,10,-15.5,0,971.1,971,971.1,14700
247,04:06,94,10.2,-15.5,0,971.2,971,971.2,14760
248,04:07,100,10.6,-15.5,0,971.1,971,971.1,14820
249,04:08,96,10,-15.5,0,971.2,971,971.2,14880
250,04:09,97,10.5,-15.6,0,971.1,971,971.1,14940
251,04:10,98,11,-15.7,0,971.1,971,971.1,15000
252,04:11,97,10.1,-15.9,0,971.2,971,971.2,15060
253,04:12,97,10,-16,0,971.2,971,971.2,15120
254,04:13,98,9.7,-16.1,0,971.2,971,971.2,15180
255,04:14,99,10.3,-16.1,0,971.2,971,971.2,15240
256,04:15,98,9.9,-16.1,0,971.3,971,971.3,15300
257,04:16,97,9.4,-16.1,0,971.2,971,971.2,15360
258,04:17,94,9.6,-16.2,0,971.2,971,971.2,15420
259,04:18,94,11.2,-16.2,0,971.2,971,971.2,15480
260,04:19,94,11.2,-16.4,0,971.1,971,971.1,15540
261,04:20,93,11.2,-16.4,0,971.2,971,971.2,15600
262,04:21,98,9.4,-16.4,0,971.2,971,971.2,15660
263,04:22,97,10.4,-16.2,0,971.2,971,971.2,15720
264,04:23,99,10.7,-16,0,971.1,971,971.1,15780
265,04:24,97,10.1,-15.9,0,971.1,971,971.1,15840
266,04:25,97,10.8,-15.9,0,971.2,971,971.2,15900
267,04:26,98,10.5,-16.1,0,971.1,971,971.1,15960
268,04:27,98,10.8,-16.3,0,971.2,971,971.2,16020
269,04:28,97,10.6,-16.4,0,971.1,971,971.1,16080
270,04:29,97,10.9,-16.4,0,971.1,971,971.1,16140
271,04:30,96,10.6,-16.4,0,971.2,971,971.2,16200
272,04:31,96,10.8,-16.4,0,971.2,971,971.2,16260
273,04:32,96,10.5,-16.4,0,971.2,971,971.2,16320
274,04:33,95,10.2,-16.4,0,971.2,971,971.2,16380
275,04:34,96,10.4,-16.4,0,971.2,971,971.2,16440
276,04:35,94,9.6,-16.4,0,971.2,971,971.2,16500
277,04:36,93,11,-16.3,0,971.1,971,971.1,16560
278,04:37,92,11.8,-16.3,0,971.1,971,971.1,16620
279,04:38,91,12,-16.2,0,971.2,971,971.2,16680
280,04:39,90,11.2,-16.3,0,971.2,971,971.2,16740
281,04:40,92,12.2,-16.2,0,971.1,971,971.1,16800
282,04:41,91,12.4,-16,0,971.1,971,971.1,16860
283,04:42,92,12.3,-15.8,0,971.1,971,971.1,16920
284,04:43,92,12.3,-15.7,0,971.1,971,971.1,16980
285,04:44,91,11.5,-15.6,0,971.2,971,971.2,17040
286,04:45,92,11.8,-15.6,0,971.1,971,971.1,17100
287,04:46,92,12.1,-15.7,0,971.1,971,971.1,17160
288,04:47,92,11.6,-15.7,0,971.1,971,971.1,17220
289,04:48,93,11.3,-15.7,0,971.1,971,971.1,17280
290,04:49,92,11.8,-15.7,0,971.1,971,971.1,17340
291,04:50,93,11.9,-15.7,0,971.1,971,971.1,17400
292,04:51,92,11.7,-15.6,0,971.1,971,971.1,17460
293,04:52,91,12.1,-15.6,0,971.1,971,971.1,17520
294,04:53,90,11.4,-15.6,0,971.1,971,971.1,17580
295,04:54,89,10.6,-15.5,0,971.1,971,971.1,17640
296,04:55,91,11.7,-15.5,0,971.1,971,971.1,17700
297,04:56,91,12.1,-15.5,0,971.1,971,971.1,17760
298,04:57,89,11.2,-15.4,0,971.1,971,971.1,17820
299,04:58,89,11.6,-15.3,0,971.1,971,971.1,17880
300,04:59,90,12.2,-15.2,0,971.1,971,971.1,17940
301,05:00,87,12.1,-15.1,0,971.1,971,971.1,18000
302,05:01,90,10.8,-15.1,0,971.1,971,971.1,18060
303,05:02,88,11.9,-15.1,0,971.1,971,971.1,18120
304,05:03,89,12.2,-15.1,0,971.1,971,971.1,18180
305,05:04,89,12.1,-15.2,0,971.1,971,971.1,18240
306,05:05,89,12.2,-15.2,0,971.1,971,971.1,18300
307,05:06,91,12.1,-15.2,0,971.1,971,971.1,18360
308,05:07,90,11.6,-15.2,0,971.2,971,971.2,18420
309,05:08,91,11.7,-15.1,0,971.2,971,971.2,18480
310,05:09,91,12.2,-15.2,0,971.1,971,971.1,18540
311,05:10,91,12.1,-15.2,0,971.1,971,971.1,18600
312,05:11,86,11.2,-15.2,0,971.2,971,971.2,18660
313,05:12,91,11.1,-15.2,0,971.2,971,971.2,18720
314,05:13,90,11.6,-15.2,0,971.2,971,971.2,18780
315,05:14,93,12,-15.2,0,971.2,971,971.2,18840
316,05:15,91,11.9,-15.2,0,971.2,971,971.2,18900
317,05:16,91,11.5,-15,0,971.2,971,971.2,18960
318,05:17,92,11.2,-15,0,971.2,971,971.2,19020
319,05:18,92,11.1,-15.1,0,971.3,971,971.3,19080
320,05:19,89,11.1,-15.3,0,971.3,971,971.3,19140
321,05:20,86,10.7,-15.4,0,971.3,971,971.3,19200
322,05:21,94,11.2,-15.4,0,971.3,971,971.3,19260
323,05:22,93,11.9,-15.3,0,971.2,971,971.2,19320
324,05:23,92,11.8,-15.3,0,971.2,971,971.2,19380
325,05:24,92,12.2,-15.1,0,971.3,971,971.3,19440
326,05:25,92,11.5,-15,0,971.2,971,971.2,19500
327,05:26,93,12,-15.2,0,971.2,971,971.2,19560
328,05:27,93,11.9,-15.4,0,971.2,971,971.2,19620
329,05:28,94,11.1,-15.5,0,971.3,971,971.3,19680
330,05:29,94,10.8,-15.5,0,971.3,971,971.3,19740
331,05:30,94,10.7,-15.5,0,971.3,971,971.3,19800
332,05:31,93,12.1,-15.5,0,971.3,971,971.3,19860
333,05:32,96,11,-15.6,0,971.3,971,971.3,19920
334,05:33,98,9.5,-15.7,0,971.4,971,971.4,19980
335,05:34,98,9.5,-15.8,0,971.4,971,971.4,20040
336,05:35,97,9.4,-15.8,0,971.4,971,971.4,20100
337,05:36,98,10,-15.7,0,971.4,971,971.4,20160
338,05:37,99,10.4,-15.9,0,971.4,971,971.4,20220
339,05:38,97,9.8,-16.1,0,971.4,971,971.4,20280
340,05:39,91,9.9,-16.4,0,971.4,971,971.4,20340
341,05:40,98,9.4,-16.5,0,971.5,971,971.5,20400
342,05:41,97,10.3,-16.6,0,971.5,971,971.5,20460
343,05:42,97,10.4,-16.7,0,971.5,971,971.5,20520
344,05:43,98,9.6,-16.7,0,971.5,971,971.5,20580
345,05:44,97,10.2,-16.5,0,971.5,971,971.5,20640
346,05:45,99,10.2,-16.7,0,971.5,971,971.5,20700
347,05:46,96,9.8,-16.8,0,971.5,971,971.5,20760
348,05:47,98,9.8,-16.9,0,971.5,971,971.5,20820
349,05:48,97,9.6,-17,0,971.5,971,971.5,20880
350,05:49,96,9.7,-17,0,971.5,971,971.5,20940
351,05:50,96,9.4,-16.9,0,971.6,971,971.6,21000
352,05:51,97,9.5,-16.8,0,971.6,971,971.6,21060
353,05:52,96,9.6,-16.8,0,971.6,971,971.6,21120
354,05:53,96,9.6,-16.9,0,971.6,971,971.6,21180
355,05:54,94,9.3,-16.9,0,971.6,971,971.6,21240
356,05:55,94,9.4,-16.8,0,971.5,971,971.5,21300
357,05:56,94,9.9,-16.9,0,971.5,971,971.5,21360
358,05:57,95,9.3,-16.9,0,971.5,971,971.5,21420
359,05:58,93,9.1,-16.8,0,971.6,971,971.6,21480
360,05:59,89,10.1,-16.6,0,971.5,971,971.5,21540
361,06:00,95,9.6,-16.4,0,971.5,971,971.5,21600
362,06:01,93,9.7,-16.3,0,971.6,971,971.6,21660
363,06:02,94,9.7,-16.3,0,971.5,971,971.5,21720
364,06:03,94,9.6,-16.3,0,971.6,971,971.6,21780
365,06:04,96,9.6,-16.1,0,971.6,971,971.6,21840
366,06:05,95,9.5,-16.2,0,971.6,971,971.6,21900
367,06:06,93,10.6,-16.2,0,971.6,971,971.6,21960
368,06:07,92,10.3,-16.1,0,971.6,971,971.6,22020
369,06:08,90,11.1,-16.2,0,971.6,971,971.6,22080
370,06:09,90,11.2,-16.3,0,971.6,971,971.6,22140
371,06:10,88,11.6,-16.3,0,971.5,971,971.5,22200
372,06:11,87,11.1,-16.2,0,971.6,971,971.6,22260
373,06:12,86,11.6,-16,0,971.6,971,971.6,22320
374,06:13,86,11.4,-15.8,0,971.6,971,971.6,22380
375,06:14,87,11.6,-15.7,0,971.6,971,971.6,22440
376,06:15,89,12.3,-15.6,0,971.6,971,971.6,22500
377,06:16,91,12.2,-15.5,0,971.6,971,971.6,22560
378,06:17,91,11.5,-15.5,0,971.6,971,971.6,22620
379,06:18,89,11.5,-15.5,0,971.6,971,971.6,22680
380,06:19,90,11.6,-15.6,0,971.6,971,971.6,22740
381,06:20,87,11.3,-15.6,0,971.6,971,971.6,22800
382,06:21,90,11.4,-15.6,0,971.6,971,971.6,22860
383,06:22,86,11,-15.5,0,971.6,971,971.6,22920
384,06:23,85,10.7,-15.5,0,971.6,971,971.6,22980
385,06:24,87,10.9,-15.4,0,971.7,971,971.7,23040
386,06:25,89,11,-15.4,0,971.6,971,971.6,23100
387,06:26,85,11.1,-15.3,0,971.6,971,971.6,23160
388,06:27,85,11,-15.2,0,971.6,971,971.6,23220
389,06:28,86,11.2,-15.1,0,971.6,971,971.6,23280
390,06:29,86,11.1,-15.2,0,971.5,971,971.5,23340
391,06:30,87,10.1,-15.3,0,971.6,971,971.6,23400
392,06:31,86,10.5,-15.2,0,971.6,971,971.6,23460
393,06:32,86,10.5,-15.2,0,971.6,971,971.6,23520
394,06:33,85,10.2,-15.3,0,971.6,971,971.6,23580
395,06:34,88,10.2,-15.2,0,971.6,971,971.6,23640
396,06:35,89,10.5,-15.3,0,971.6,971,971.6,23700
397,06:36,86,10.2,-15.3,0,971.6,971,971.6,23760
398,06:37,86,10.2,-15.3,0,971.6,971,971.6,23820
399,06:38,86,10.5,-15.3,0,971.7,971,971.7,23880
400,06:39,81,10.6,-15.3,0,971.7,971,971.7,23940
401,06:40,86,10.8,-15.3,0,971.6,971,971.6,24000
402,06:41,90,10.6,-15.2,0,971.6,971,971.6,24060
403,06:42,91,10.7,-15.2,0,971.6,971,971.6,24120
404,06:43,91,11.1,-15,0,971.6,971,971.6,24180
405,06:44,92,11,-15,0,971.6,971,971.6,24240
406,06:45,90,11,-15,0,971.7,971,971.7,24300
407,06:46,90,10.7,-15.2,0,971.7,971,971.7,24360
408,06:47,90,11,-15.3,0,971.7,971,971.7,24420
409,06:48,94,10.6,-15.5,0,971.7,971,971.7,24480
410,06:49,92,10.8,-15.6,0,971.8,971.1,971.8,24540
411,06:50,91,10.8,-15.5,0,971.8,971.2,971.8,24600
412,06:51,87,10.7,-15.5,0,971.8,971.4,971.8,24660
413,06:52,88,10,-15.6,0,971.8,971.8,971.8,24720
414,06:53,86,10,-15.7,0,971.9,972,971.9,24780
415,06:54,89,9.9,-15.8,0,971.9,972,971.9,24840
416,06:55,85,9.6,-15.7,0,971.9,972,971.9,24900
417,06:56,85,9.5,-15.6,0,971.9,972,971.9,24960
418,06:57,87,9.2,-15.5,0,971.9,972,971.9,25020
419,06:58,88,9.3,-15.5,0,971.9,972,971.9,25080
420,06:59,88,9.1,-15.5,0,971.9,972,971.9,25140
421,07:00,88,9.2,-15.5,0,972,972,972,25200
422,07:01,84,9.2,-15.5,0,972,972,972,25260
423,07:02,86,9.3,-15.5,0,972,972,972,25320
424,07:03,88,9.4,-15.5,0,972,972,972,25380
425,07:04,88,9.1,-15.4,0,972,972,972,25440
426,07:05,88,9.2,-15.4,0,972,972,972,25500
427,07:06,89,8.8,-15.4,0,972,972,972,25560
428,07:07,89,9.5,-15.4,0,972,972,972,25620
429,07:08,91,9.6,-15.4,0,972,972,972,25680
430,07:09,91,9.4,-15.3,0,972.1,972,972.1,25740
431,07:10,89,9.6,-15.3,0,972.1,972,972.1,25800
432,07:11,90,10.2,-15.3,0,972.1,972,972.1,25860
433,07:12,90,10.2,-15.3,0,972.1,972,972.1,25920
434,07:13,89,9.8,-15.4,0,972.1,972,972.1,25980
435,07:14,91,10.7,-15.4,0,972.1,972,972.1,26040
436,07:15,92,10.6,-15.3,0,972.1,972,972.1,26100
437,07:16,92,11,-15.3,0,972.1,972,972.1,26160
438,07:17,91,10.7,-15.2,0,972.1,972,972.1,26220
439,07:18,90,10.6,-15.2,0,972.1,972,972.1,26280
440,07:19,91,10.4,-15.4,0,972.1,972,972.1,26340
441,07:20,91,10.5,-15.5,0,972.1,972,972.1,26400
442,07:21,92,10.7,-15.5,0,972,972,972,26460
443,07:22,91,10.3,-15.5,0,972.1,972,972.1,26520
444,07:23,89,9.3,-15.5,0,972.1,972,972.1,26580
445,07:24,90,9.1,-15.5,0,972.1,972,972.1,26640
446,07:25,90,9.1,-15.4,0,972.1,972,972.1,26700
447,07:26,91,9.4,-15.4,0,972.1,972,972.1,26760
448,07:27,90,9.5,-15.4,0,972.1,972,972.1,26820
449,07:28,94,9.1,-15.4,0,972.2,972,972.2,26880
450,07:29,93,8.8,-15.4,0,972.2,972,972.2,26940
451,07:30,94,9,-15.3,0,972.2,972,972.2,27000
452,07:31,97,8.4,-15.3,0,972.3,972,972.3,27060
453,07:32,92,9.1,-15.4,0,972.2,972,972.2,27120
454,07:33,89,9.2,-15.4,0,972.2,972,972.2,27180
455,07:34,87,9.5,-15.5,0,972.2,972,972.2,27240
456,07:35,84,8.7,-15.7,0,972.2,972,972.2,27300
457,07:36,90,8.5,-15.8,0,972.2,972,972.2,27360
458,07:37,96,8.3,-15.7,0,972.2,972,972.2,27420
459,07:38,95,8.3,-15.4,0,972.2,972,972.2,27480
460,07:39,100,8.8,-15.2,0,972.3,972,972.3,27540
461,07:40,100,8.7,-15.1,0,972.3,972,972.3,27600
462,07:41,102,9,-15.1,0,972.3,972,972.3,27660
463,07:42,100,9.2,-15.3,0,972.2,972,972.2,27720
464,07:43,99,8.9,-15.5,0,972.2,972,972.2,27780
465,07:44,99,9,-15.7,0,972.3,972,972.3,27840
466,07:45,102,8.8,-15.9,0,972.3,972,972.3,27900
467,07:46,101,8.7,-16,0,972.3,972,972.3,27960
468,07:47,99,8.8,-16.1,0,972.3,972,972.3,28020
469,07:48,97,8.7,-16.2,0,972.3,972,972.3,28080
470,07:49,98,8.6,-16.3,0,972.3,972,972.3,28140
471,07:50,95,8.5,-16.4,0,972.3,972,972.3,28200
472,07:51,100,8.8,-16.4,0,972.3,972,972.3,28260
473,07:52,100,8.5,-16.5,0,972.3,972,972.3,28320
474,07:53,100,8.8,-16.4,0,972.3,972,972.3,28380
475,07:54,98,8.7,-16.4,0,972.3,972,972.3,28440
476,07:55,100,8.8,-16.4,0,972.3,972,972.3,28500
477,07:56,100,8.7,-16.5,0,972.3,972,972.3,28560
478,07:57,99,8.8,-16.6,0,972.3,972,972.3,28620
479,07:58,98,9,-16.6,0,972.2,972,972.2,28680
480,07:59,98,8.8,-16.5,0,972.2,972,972.2,28740
481,08:00,97,9.3,-16.5,0,972.2,972,972.2,28800
482,08:01,101,9.3,-16.5,0,972.2,972,972.2,28860
483,08:02,100,9.8,-16.5,0,972.2,972,972.2,28920
484,08:03,100,9.5,-16.5,0,972.2,972,972.2,28980
485,08:04,100,9.1,-16.5,0,972.3,972,972.3,29040
486,08:05,99,8.7,-16.4,0,972.3,972,972.3,29100
487,08:06,100,8.8,-16.4,0,972.3,972,972.3,29160
488,08:07,103,8.8,-16.4,0,972.3,972,972.3,29220
489,08:08,100,8.4,-16.4,0,972.3,972,972.3,29280
490,08:09,99,8.8,-16.4,0,972.3,972,972.3,29340
491,08:10,95,9.1,-16.5,0,972.4,972,972.4,29400
492,08:11,93,10.6,-16.5,0,972.3,972,972.3,29460
493,08:12,95,10.3,-16.6,0,972.3,972,972.3,29520
494,08:13,95,9.8,-16.6,0,972.4,972,972.4,29580
495,08:14,94,10.3,-16.6,0,972.4,972,972.4,29640
496,08:15,96,9.6,-16.4,0,972.4,972,972.4,29700
497,08:16,92,10.2,-16,0,972.4,972,972.4,29760
498,08:17,91,10.2,-16,0,972.4,972,972.4,29820
499,08:18,91,10,-16,0,972.4,972,972.4,29880
500,08:19,92,10.6,-16,0,972.4,972,972.4,29940
501,08:20,92,11.1,-16,0,972.4,972,972.4,30000
502,08:21,91,10.2,-15.9,0,972.4,972,972.4,30060
503,08:22,93,9.7,-15.8,0,972.4,972,972.4,30120
504,08:23,91,9.9,-15.8,0,972.4,972,972.4,30180
505,08:24,92,9.7,-15.7,0,972.4,972,972.4,30240
506,08:25,93,9.4,-15.6,0,972.4,972,972.4,30300
507,08:26,94,9.1,-15.6,0,972.5,972,972.5,30360
508,08:27,92,9.4,-15.5,0,972.5,972,972.5,30420
509,08:28,88,9,-15.5,0,972.5,972,972.5,30480
510,08:29,90,8.7,-15.5,0,972.5,972,972.5,30540
511,08:30,91,9.1,-15.6,0,972.5,972,972.5,30600
512,08:31,93,9.2,-15.7,0,972.4,972,972.4,30660
513,08:32,93,9,-15.5,0,972.5,972,972.5,30720
514,08:33,95,8.6,-15.4,0,972.5,972,972.5,30780
515,08:34,93,9.1,-15.4,0,972.5,972,972.5,30840
516,08:35,94,9.4,-15.4,0,972.5,972,972.5,30900
517,08:36,94,9.6,-15.5,0,972.5,972,972.5,30960
518,08:37,94,9.7,-15.6,0,972.5,972,972.5,31020
519,08:38,93,9.8,-15.7,0,972.5,972,972.5,31080
520,08:39,93,9.6,-15.8,0,972.5,972,972.5,31140
521,08:40,94,9.5,-15.9,0,972.5,972,972.5,31200
522,08:41,97,9.2,-15.9,0,972.6,972,972.6,31260
523,08:42,99,9,-15.9,0,972.6,972,972.6,31320
524,08:43,99,8.9,-15.8,0,972.6,972,972.6,31380
525,08:44,102,9.4,-15.8,0,972.6,972,972.6,31440
526,08:45,100,9.6,-15.9,0,972.6,972,972.6,31500
527,08:46,98,9.6,-16,0,972.6,972,972.6,31560
528,08:47,99,9.4,-16.2,0,972.6,972,972.6,31620
529,08:48,97,9.1,-16.3,0,972.6,972,972.6,31680
530,08:49,100,9.5,-16.4,0,972.6,972,972.6,31740
531,08:50,98,9.2,-16.4,0,972.6,972,972.6,31800
532,08:51,100,9,-16.5,0,972.6,972,972.6,31860
533,08:52,99,9.1,-16.5,0,972.6,972,972.6,31920
534,08:53,101,9.2,-16.5,0,972.6,972,972.6,31980
535,08:54,102,9.3,-16.5,0,972.6,972,972.6,32040
536,08:55,99,9.1,-16.6,0,972.6,972,972.6,32100
537,08:56,97,9.5,-16.7,0,972.5,972,972.5,32160
538,08:57,96,9.1,-16.7,0,972.6,972,972.6,32220
539,08:58,97,8.8,-16.7,0,972.5,972,972.5,32280
540,08:59,94,9.2,-16.7,0,972.5,972,972.5,32340
541,09:00,94,9.9,-16.8,0,972.5,972,972.5,32400
542,09:01,97,9.4,-16.8,0,972.5,972,972.5,32460
543,09:02,95,9.3,-16.8,0,972.5,972,972.5,32520
544,09:03,95,9.2,-16.7,0,972.6,972,972.6,32580
545,09:04,95,10.1,-16.6,0,972.5,972,972.5,32640
546,09:05,94,10.2,-16.4,0,972.5,972,972.5,32700
547,09:06,95,9.9,-16.4,0,972.5,972,972.5,32760
548,09:07,96,10.1,-16.4,0,972.5,972,972.5,32820
549,09:08,98,9.9,-16.4,0,972.5,972,972.5,32880
550,09:09,97,9.5,-16.3,0,972.5,972,972.5,32940
551,09:10,99,9.3,-16.3,0,972.6,972,972.6,33000
552,09:11,100,9.3,-16.3,0,972.6,972,972.6,33060
553,09:12,101,9.2,-16.3,0,972.6,972,972.6,33120
554,09:13,99,9.7,-16.3,0,972.6,972,972.6,33180
555,09:14,101,9.9,-16.3,0,972.6,972,972.6,33240
556,09:15,100,9.9,-16.4,0,972.6,972,972.6,33300
557,09:16,101,9.8,-16.5,0,972.6,972,972.6,33360
558,09:17,99,9.8,-16.5,0,972.6,972,972.6,33420
559,09:18,102,9.9,-16.5,0,972.5,972,972.5,33480
560,09:19,102,9.6,-16.5,0,972.6,972,972.6,33540
561,09:20,101,9.6,-16.5,0,972.6,972,972.6,33600
562,09:21,100,9.7,-16.5,0,972.6,972,972.6,33660
563,09:22,100,9.9,-16.5,0,972.6,972,972.6,33720
564,09:23,100,9.5,-16.5,0,972.6,972,972.6,33780
565,09:24,99,9.7,-16.5,0,972.6,972,972.6,33840
566,09:25,102,9.6,-16.5,0,972.6,972,972.6,33900
567,09:26,101,9.1,-16.6,0,972.6,972,972.6,33960
568,09:27,100,9.3,-16.6,0,972.6,972,972.6,34020
569,09:28,100,9.6,-16.6,0,972.6,972,972.6,34080
570,09:29,100,9.7,-16.6,0,972.7,972,972.7,34140
571,09:30,99,9.6,-16.6,0,972.7,972,972.7,34200
572,09:31,98,10.2,-16.7,0,972.6,972,972.6,34260
573,09:32,99,10.3,-16.8,0,972.7,972,972.7,34320
574,09:33,101,9.9,-16.8,0,972.7,972,972.7,34380
575,09:34,98,9.9,-16.7,0,972.7,972,972.7,34440
576,09:35,99,9.7,-16.8,0,972.7,972,972.7,34500
577,09:36,99,9.9,-16.8,0,972.8,972,972.8,34560
578,09:37,99,9.7,-16.9,0,972.8,972,972.8,34620
579,09:38,101,10,-16.9,0,972.8,972.2,972.8,34680
580,09:39,99,9.9,-16.9,0,972.8,972.2,972.8,34740
581,09:40,98,9.8,-16.9,0,972.8,972.4,972.8,34800
582,09:41,98,9.6,-17,0,972.8,972.3,972.8,34860
583,09:42,100,9.9,-16.9,0,972.8,972.3,972.8,34920
584,09:43,99,9.5,-16.8,0,972.8,972.8,972.8,34980
585,09:44,96,9.9,-16.8,0,972.8,972.9,972.8,35040
586,09:45,99,10,-16.9,0,972.8,972.9,972.8,35100
587,09:46,98,9.8,-16.9,0,972.9,973,972.9,35160
588,09:47,99,10,-16.9,0,972.9,973,972.9,35220
589,09:48,99,10,-17,0,972.9,973,972.9,35280
590,09:49,100,10.2,-17,0,972.9,973,972.9,35340
591,09:50,101,10.1,-17,0,972.9,973,972.9,35400
592,09:51,100,9.8,-17,0,972.9,973,972.9,35460
593,09:52,98,9.7,-17.1,0,972.9,973,972.9,35520
594,09:53,98,9.4,-17.1,0,972.9,973,972.9,35580
595,09:54,98,9.8,-17.1,0,972.8,972.9,972.8,35640
596,09:55,101,10,-17.1,0,972.8,972.8,972.8,35700
597,09:56,100,10,-17,0,972.9,973,972.9,35760
598,09:57,100,10,-17,0,972.9,973,972.9,35820
599,09:58,100,9.7,-17,0,972.9,973,972.9,35880
600,09:59,100,9.9,-17.1,0,972.9,973,972.9,35940
601,10:00,101,9.7,-17.2,0,972.9,973,972.9,36000
602,10:01,98,10.1,-17.2,0,972.9,973,972.9,36060
603,10:02,98,10,-17.2,0,973,973,973,36120
604,10:03,98,10.1,-17.2,0,973,973,973,36180
605,10:04,99,9.8,-17.2,0,973,973,973,36240
606,10:05,99,10.4,-17.1,0,973,973,973,36300
607,10:06,99,9.8,-17.1,0,973,973,973,36360
608,10:07,96,9.9,-17.1,0,973,973,973,36420
609,10:08,99,9.9,-17,0,973,973,973,36480
610,10:09,98,10.1,-17,0,972.9,973,972.9,36540
611,10:10,99,9.8,-16.9,0,972.9,973,972.9,36600
612,10:11,97,9.5,-17,0,973,973,973,36660
613,10:12,95,9.7,-17,0,973,973,973,36720
614,10:13,98,9.9,-16.9,0,973,973,973,36780
615,10:14,97,9.5,-16.8,0,972.9,973,972.9,36840
616,10:15,97,9.6,-16.8,0,973,973,973,36900
617,10:16,97,9.3,-16.8,0,973,973,973,36960
618,10:17,96,9.6,-16.9,0,972.9,973,972.9,37020
619,10:18,96,9.4,-16.9,0,972.9,973,972.9,37080
620,10:19,95,9.3,-16.9,0,973,973,973,37140
621,10:20,95,9.3,-16.9,0,973,973,973,37200
622,10:21,94,9,-16.8,0,973,973,973,37260
623,10:22,93,9.2,-16.8,0,973,973,973,37320
624,10:23,98,9,-16.8,0,973,973,973,37380
625,10:24,97,9,-16.8,0,973,973,973,37440
626,10:25,99,9.1,-16.8,0,973,973,973,37500
627,10:26,98,8.8,-16.7,0,973,973,973,37560
628,10:27,95,8.4,-16.8,0,973,973,973,37620
629,10:28,98,8.6,-16.8,0,973,973,973,37680
630,10:29,95,8.8,-16.8,0,973,973,973,37740
631,10:30,96,8.4,-16.7,0,973,973,973,37800
632,10:31,97,8.6,-16.7,0,973,973,973,37860
633,10:32,97,8.8,-16.8,0,973,973,973,37920
634,10:33,95,9,-16.7,0,973,973,973,37980
635,10:34,97,8.6,-16.7,0,973,973,973,38040
636,10:35,95,8.8,-16.7,0,973,973,973,38100
637,10:36,98,9,-16.7,0,973,973,973,38160
638,10:37,97,8.8,-16.7,0,973,973,973,38220
639,10:38,97,9.3,-16.8,0,973,973,973,38280
640,10:39,100,10.1,-16.8,0,973,973,973,38340
641,10:40,97,10.1,-16.8,0,973,973,973,38400
642,10:41,97,10.2,-16.8,0,973.1,973,973.1,38460
643,10:42,99,10.4,-16.8,0,973.1,973,973.1,38520
644,10:43,99,10.1,-16.8,0,973,973,973,38580
645,10:44,98,10.1,-16.6,0,973,973,973,38640
646,10:45,98,11.1,-16.5,0,973,973,973,38700
647,10:46,99,10.8,-16.4,0,973,973,973,38760
648,10:47,98,10.2,-16.3,0,973,973,973,38820
649,10:48,97,10.3,-16.2,0,973,973,973,38880
650,10:49,96,10.1,-16.2,0,973,973,973,38940
651,10:50,96,10.1,-16.2,0,973,973,973,39000
652,10:51,97,10.4,-16.2,0,973,973,973,39060
653,10:52,97,10.9,-16.3,0,973,973,973,39120
654,10:53,98,10.5,-16.3,0,973,973,973,39180
655,10:54,100,10.3,-16.5,0,972.9,973,972.9,39240
656,10:55,97,10.2,-16.6,0,972.9,973,972.9,39300
657,10:56,96,10,-16.6,0,973,973,973,39360
658,10:57,96,10.8,-16.7,0,972.9,973,972.9,39420
659,10:58,94,10.2,-16.8,0,972.9,973,972.9,39480
660,10:59,97,10.6,-16.9,0,973,973,973,39540
661,11:00,96,10.1,-16.9,0,972.9,973,972.9,39600
662,11:01,96,10,-16.8,0,973,973,973,39660
663,11:02,97,9.7,-16.8,0,973,973,973,39720
664,11:03,96,9.6,-16.8,0,973,973,973,39780
665,11:04,98,9.9,-16.9,0,973,973,973,39840
666,11:05,97,10,-17,0,973.1,973,973.1,39900
667,11:06,98,9.4,-17.1,0,973.1,973,973.1,39960
668,11:07,98,10.3,-17.2,0,973,973,973,40020
669,11:08,97,10.2,-17.4,0,973.1,973,973.1,40080
670,11:09,96,10.3,-17.5,0,973.1,973,973.1,40140
671,11:10,94,10.1,-17.5,0,973.1,973,973.1,40200
672,11:11,96,10.2,-17.6,0,973.1,973,973.1,40260
673,11:12,96,9.7,-17.5,0,973.1,973,973.1,40320
674,11:13,95,10.1,-17.6,0,973.1,973,973.1,40380
675,11:14,96,10.2,-17.6,0,973.1,973,973.1,40440
676,11:15,93,10.3,-17.7,0,973.1,973,973.1,40500
677,11:16,97,10.8,-17.8,0,973,973,973,40560
678,11:17,98,10.7,-17.9,0,973.1,973,973.1,40620
679,11:18,99,10.7,-17.9,0,973.1,973,973.1,40680
680,11:19,100,10.5,-17.9,0,973.1,973,973.1,40740
681,11:20,99,9.7,-17.8,0,973.1,973,973.1,40800
682,11:21,101,10,-17.9,0,973.1,973,973.1,40860
683,11:22,100,9.8,-18.1,0,973.1,973,973.1,40920
684,11:23,100,10,-18.2,0,973.1,973,973.1,40980
685,11:24,100,10.1,-18.3,0,973.1,973,973.1,41040
686,11:25,101,10.1,-18.3,0,973.1,973,973.1,41100
687,11:26,102,10,-18.2,0,973.1,973,973.1,41160
688,11:27,102,10,-18.2,0,973.1,973,973.1,41220
689,11:28,100,10.1,-18.2,0,973.1,973,973.1,41280
690,11:29,101,10.1,-18.2,0,973.1,973,973.1,41340
691,11:30,100,9.9,-18.2,0,973.1,973,973.1,41400
692,11:31,101,9.8,-18.2,0,973.1,973,973.1,41460
693,11:32,100,9.7,-18.2,0,973.1,973,973.1,41520
694,11:33,99,10,-18.2,0,973.1,973,973.1,41580
695,11:34,98,10.2,-18.2,0,973,973,973,41640
696,11:35,97,10.1,-18.2,0,973,973,973,41700
697,11:36,98,9.7,-18.1,0,973.1,973,973.1,41760
698,11:37,97,9.4,-18.1,0,973.1,973,973.1,41820
699,11:38,98,9.5,-18.1,0,973.1,973,973.1,41880
700,11:39,98,9.7,-18,0,973.1,973,973.1,41940
701,11:40,96,9.2,-18,0,973.1,973,973.1,42000
702,11:41,96,9.9,-17.9,0,973.1,973,973.1,42060
703,11:42,96,10,-17.7,0,973.2,973,973.2,42120
704,11:43,96,9.3,-17.6,0,973.2,973,973.2,42180
705,11:44,96,9.2,-17.4,0,973.2,973,973.2,42240
706,11:45,98,9.6,-17.5,0,973.2,973,973.2,42300
707,11:46,97,9.4,-17.5,0,973.2,973,973.2,42360
708,11:47,96,9.3,-17.6,0,973.3,973,973.3,42420
709,11:48,99,8.8,-17.7,0,973.3,973,973.3,42480
710,11:49,99,9.2,-17.7,0,973.3,973,973.3,42540
711,11:50,96,8.8,-17.7,0,973.4,973,973.4,42600
712,11:51,96,9.1,-17.8,0,973.4,973,973.4,42660
713,11:52,97,9.3,-17.8,0,973.4,973,973.4,42720
714,11:53,97,8.9,-17.7,0,973.4,973,973.4,42780
715,11:54,96,9,-17.7,0,973.4,973,973.4,42840
716,11:55,94,8.9,-17.7,0,973.4,973,973.4,42900
717,11:56,95,9.5,-17.7,0,973.4,973,973.4,42960
718,11:57,93,9,-17.6,0,973.4,973,973.4,43020
719,11:58,93,9.7,-17.5,0,973.4,973,973.4,43080
720,11:59,94,9.4,-17.5,0,973.4,973,973.4,43140
721,12:00,95,9.5,-17.5,0,973.4,973,973.4,43200
722,12:01,94,9.5,-17.4,0,973.4,973,973.4,43260
723,12:02,95,10,-17.3,0,973.4,973,973.4,43320
724,12:03,99,10.1,-17.2,0,973.4,973,973.4,43380
725,12:04,97,10,-17.1,0,973.4,973,973.4,43440
726,12:05,96,9.4,-17.1,0,973.4,973,973.4,43500
727,12:06,94,9.6,-17.2,0,973.4,973,973.4,43560
728,12:07,94,9.1,-17.1,0,973.4,973,973.4,43620
729,12:08,96,9.6,-17,0,973.4,973,973.4,43680
730,12:09,96,9.7,-17.1,0,973.4,973,973.4,43740
731,12:10,94,9.2,-17.2,0,973.4,973,973.4,43800
732,12:11,95,9.3,-17.3,0,973.4,973,973.4,43860
733,12:12,97,9.7,-17.3,0,973.3,973,973.3,43920
734,12:13,99,9.5,-17.3,0,973.3,973,973.3,43980
735,12:14,98,9.8,-17.3,0,973.3,973,973.3,44040
736,12:15,95,8.9,-17.3,0,973.3,973,973.3,44100
737,12:16,98,9.6,-17.3,0,973.3,973,973.3,44160
738,12:17,100,9,-17.3,0,973.3,973,973.3,44220
739,12:18,95,8.4,-17.2,0,973.4,973,973.4,44280
740,12:19,95,7.8,-17.2,0,973.4,973,973.4,44340
741,12:20,98,8.5,-17.2,0,973.4,973,973.4,44400
742,12:21,96,7.7,-17.1,0,973.4,973,973.4,44460
743,12:22,96,7.9,-17.1,0,973.4,973,973.4,44520
744,12:23,107,8.3,-17.2,0,973.4,973,973.4,44580
745,12:24,112,8.9,-17.1,0,973.4,973,973.4,44640
746,12:25,113,8.8,-16.9,0,973.4,973,973.4,44700
747,12:26,110,9.3,-16.9,0,973.4,973,973.4,44760
748,12:27,113,9.7,-16.9,0,973.4,973,973.4,44820
749,12:28,116,10,-17,0,973.4,973,973.4,44880
750,12:29,116,9.2,-17.2,0,973.4,973,973.4,44940
751,12:30,112,9,-17.3,0,973.3,973,973.3,45000
752,12:31,114,9.3,-17.4,0,973.3,973,973.3,45060
753,12:32,113,9,-17.4,0,973.3,973,973.3,45120
754,12:33,103,7.4,-17.4,0,973.4,973,973.4,45180
755,12:34,95,7.3,-17.5,0,973.3,973,973.3,45240
756,12:35,96,7,-17.5,0,973.3,973,973.3,45300
757,12:36,98,7.1,-17.5,0,973.3,973,973.3,45360
758,12:37,95,7.4,-17.4,0,973.3,973,973.3,45420
759,12:38,96,7.6,-17.4,0,973.2,973,973.2,45480
760,12:39,102,7.4,-17.3,0,973.3,973,973.3,45540
761,12:40,98,7.1,-17.3,0,973.3,973,973.3,45600
762,12:41,99,7,-17.3,0,973.3,973,973.3,45660
763,12:42,106,7.9,-17.3,0,973.3,973,973.3,45720
764,12:43,112,9.3,-17.2,0,973.3,973,973.3,45780
765,12:44,118,9.8,-17.2,0,973.3,973,973.3,45840
766,12:45,119,9.6,-17.2,0,973.3,973,973.3,45900
767,12:46,116,9.8,-17.2,0,973.2,973,973.2,45960
768,12:47,116,9.3,-17.3,0,973.2,973,973.2,46020
769,12:48,120,10.2,-17.3,0,973.2,973,973.2,46080
770,12:49,123,11.1,-17.5,0,973.1,973,973.1,46140
771,12:50,123,11.1,-17.6,0,973.1,973,973.1,46200
772,12:51,120,10.1,-17.5,0,973.1,973,973.1,46260
773,12:52,117,9.6,-17.5,0,973.1,973,973.1,46320
774,12:53,115,9.8,-17.6,0,973.1,973,973.1,46380
775,12:54,115,10,-17.6,0,973.1,973,973.1,46440
776,12:55,117,9.9,-17.5,0,973.1,973,973.1,46500
777,12:56,119,9.5,-17.5,0,973.1,973,973.1,46560
778,12:57,117,9.4,-17.4,0,973.1,973,973.1,46620
779,12:58,112,8.9,-17.3,0,973.1,973,973.1,46680
780,12:59,115,9.2,-17.3,0,973.1,973,973.1,46740
781,13:00,113,8.9,-17.4,0,973.1,973,973.1,46800
782,13:01,112,9,-17.3,0,973.1,973,973.1,46860
783,13:02,112,9,-17.3,0,973.1,973,973.1,46920
784,13:03,114,8.9,-17.3,0,973.2,973,973.2,46980
785,13:04,114,8.4,-17.2,0,973.2,973,973.2,47040
786,13:05,109,8.6,-17.1,0,973.2,973,973.2,47100
787,13:06,101,7.5,-17.2,0,973.2,973,973.2,47160
788,13:07,107,7.7,-17.3,0,973.2,973,973.2,47220
789,13:08,107,8.1,-17.3,0,973.2,973,973.2,47280
790,13:09,107,8,-17.4,0,973.2,973,973.2,47340
791,13:10,94,7.4,-17.4,0,973.2,973,973.2,47400
792,13:11,102,8.1,-17.4,0,973.2,973,973.2,47460
793,13:12,108,8.3,-17.4,0,973.2,973,973.2,47520
794,13:13,113,8.6,-17.4,0,973.2,973,973.2,47580
795,13:14,114,8.5,-17.3,0,973.2,973,973.2,47640
796,13:15,113,9.4,-17.2,0,973.1,973,973.1,47700
797,13:16,103,8.7,-17.1,0,973.1,973,973.1,47760
798,13:17,98,8.3,-17,0,973.1,973,973.1,47820
799,13:18,101,7.8,-17,0,973.1,973,973.1,47880
800,13:19,105,8.1,-17,0,973.1,973,973.1,47940
801,13:20,111,8.8,-17,0,973.1,973,973.1,48000
802,13:21,108,8.8,-16.9,0,973.1,973,973.1,48060
803,13:22,110,8.2,-16.8,0,973.1,973,973.1,48120
804,13:23,109,8.8,-16.9,0,973,973,973,48180
805,13:24,104,8.2,-16.9,0,973,973,973,48240
806,13:25,100,7.6,-17,0,973,973,973,48300
807,13:26,101,7.3,-17,0,973,973,973,48360
808,13:27,106,7.8,-17.1,0,973,973,973,48420
809,13:28,104,7.7,-17.2,0,973,973,973,48480
810,13:29,103,7.8,-17.3,0,973,973,973,48540
811,13:30,101,7.7,-17.3,0,973,973,973,48600
812,13:31,100,8.3,-17.4,0,973,973,973,48660
813,13:32,101,8.5,-17.4,0,973,973,973,48720
814,13:33,96,8.6,-17.3,0,973,973,973,48780
815,13:34,99,8.7,-17.3,0,973,973,973,48840
816,13:35,99,8,-17.2,0,973.1,973,973.1,48900
817,13:36,95,7.5,-17.1,0,973.1,973,973.1,48960
818,13:37,103,8.3,-16.9,0,973.1,973,973.1,49020
819,13:38,103,7.6,-16.8,0,973.1,973,973.1,49080
820,13:39,98,8,-16.8,0,973.1,973,973.1,49140
821,13:40,97,8.6,-16.9,0,973,973,973,49200
822,13:41,94,8.6,-17,0,973,973,973,49260
823,13:42,93,8.8,-17,0,973,973,973,49320
824,13:43,98,7.6,-17,0,973.1,973,973.1,49380
825,13:44,98,7.1,-17,0,973.1,973,973.1,49440
826,13:45,100,7.3,-16.8,0,973.1,973,973.1,49500
827,13:46,101,7.3,-16.8,0,973.1,973,973.1,49560
828,13:47,98,6.9,-16.8,0,973.1,973,973.1,49620
829,13:48,98,6.8,-16.9,0,973.2,973,973.2,49680
830,13:49,99,8,-17,0,973.1,973,973.1,49740
831,13:50,101,7.1,-17.1,0,973.1,973,973.1,49800
832,13:51,105,8.3,-17.2,0,973.1,973,973.1,49860
833,13:52,100,8.6,-17.3,0,973.1,973,973.1,49920
834,13:53,94,8.4,-17.3,0,973.1,973,973.1,49980
835,13:54,95,8.1,-17.4,0,973.1,973,973.1,50040
836,13:55,93,8.3,-17.4,0,973.1,973,973.1,50100
837,13:56,95,8.4,-17.3,0,973.1,973,973.1,50160
838,13:57,93,9.2,-17.3,0,973.1,973,973.1,50220
839,13:58,98,8.6,-17.4,0,973.1,973,973.1,50280
840,13:59,96,8.3,-17.4,0,973.1,973,973.1,50340
841,14:00,95,8.4,-17.4,0,973.1,973,973.1,50400
842,14:01,95,7.8,-17.4,0,973.1,973,973.1,50460
843,14:02,93,7.6,-17.4,0,973.1,973,973.1,50520
844,14:03,92,7.7,-17.4,0,973.1,973,973.1,50580
845,14:04,96,8.3,-17.4,0,973.1,973,973.1,50640
846,14:05,93,8.4,-17.3,0,973.1,973,973.1,50700
847,14:06,91,8.4,-17.3,0,973.1,973,973.1,50760
848,14:07,93,8.7,-17.4,0,973.2,973,973.2,50820
849,14:08,93,8.1,-17.3,0,973.2,973,973.2,50880
850,14:09,95,8.1,-17.3,0,973.1,973,973.1,50940
851,14:10,93,7.9,-17.2,0,973.1,973,973.1,51000
852,14:11,91,7.7,-17.2,0,973.1,973,973.1,51060
853,14:12,91,8.5,-17.2,0,973.1,973,973.1,51120
854,14:13,91,7.8,-17.3,0,973.1,973,973.1,51180
855,14:14,92,8,-17.4,0,973.1,973,973.1,51240
856,14:15,91,7.6,-17.5,0,973.1,973,973.1,51300
857,14:16,93,7.9,-17.4,0,973.1,973,973.1,51360
858,14:17,94,8.1,-17.4,0,973.1,973,973.1,51420
859,14:18,94,8.2,-17.5,0,973.1,973,973.1,51480
860,14:19,99,7.7,-17.5,0,973,973,973,51540
861,14:20,98,7.8,-17.6,0,973,973,973,51600
862,14:21,95,7.6,-17.5,0,973,973,973,51660
863,14:22,100,8.2,-17.4,0,972.9,973,972.9,51720
864,14:23,98,8,-17.4,0,972.9,973,972.9,51780
865,14:24,98,7.9,-17.4,0,972.9,973,972.9,51840
866,14:25,102,8.2,-17.5,0,972.9,973,972.9,51900
867,14:26,105,8.6,-17.4,0,972.9,973,972.9,51960
868,14:27,102,8.2,-17.3,0,972.9,973,972.9,52020
869,14:28,100,8.5,-17.3,0,972.9,973,972.9,52080
870,14:29,95,8.4,-17.2,0,972.9,973,972.9,52140
871,14:30,93,8.5,-17.1,0,972.9,973,972.9,52200
872,14:31,93,8.9,-17.1,0,972.9,973,972.9,52260
873,14:32,91,8.9,-17.2,0,972.9,973,972.9,52320
874,14:33,95,8.4,-17.2,0,972.9,973,972.9,52380
875,14:34,96,8.7,-17.3,0,972.9,973,972.9,52440
876,14:35,96,8.5,-17.3,0,972.9,973,972.9,52500
877,14:36,95,8.1,-17.3,0,972.9,973,972.9,52560
878,14:37,96,8.2,-17.4,0,972.9,973,972.9,52620
879,14:38,94,8.6,-17.6,0,972.9,973,972.9,52680
880,14:39,93,8.5,-17.7,0,972.9,973,972.9,52740
881,14:40,92,9.4,-17.7,0,972.9,973,972.9,52800
882,14:41,94,9.4,-17.7,0,972.9,973,972.9,52860
883,14:42,95,9.2,-17.8,0,972.9,973,972.9,52920
884,14:43,97,9.5,-17.8,0,972.9,973,972.9,52980
885,14:44,91,9.4,-17.8,0,972.9,973,972.9,53040
886,14:45,93,9.5,-17.8,0,972.9,973,972.9,53100
887,14:46,94,9.1,-17.7,0,973,973,973,53160
888,14:47,97,9.2,-17.7,0,972.9,973,972.9,53220
889,14:48,96,9.6,-17.6,0,973,973,973,53280
890,14:49,95,9.2,-17.6,0,973,973,973,53340
891,14:50,96,9.3,-17.6,0,973,973,973,53400
892,14:51,98,9.8,-17.7,0,973,973,973,53460
893,14:52,99,9.3,-17.6,0,973,973,973,53520
894,14:53,95,9,-17.6,0,973,973,973,53580
895,14:54,96,8.9,-17.7,0,973.1,973,973.1,53640
896,14:55,97,8.9,-17.8,0,973.1,973,973.1,53700
897,14:56,95,9,-17.6,0,973,973,973,53760
898,14:57,94,8.5,-17.6,0,973.1,973,973.1,53820
899,14:58,94,8.7,-17.6,0,973.1,973,973.1,53880
900,14:59,95,8.9,-17.6,0,973.1,973,973.1,53940
901,15:00,97,8.8,-17.5,0,973.1,973,973.1,54000
902,15:01,96,9.1,-17.6,0,973.1,973,973.1,54060
903,15:02,96,8.6,-17.7,0,973.1,973,973.1,54120
904,15:03,97,8.3,-17.7,0,973.1,973,973.1,54180
905,15:04,98,8.2,-17.8,0,973.1,973,973.1,54240
906,15:05,98,8.3,-17.7,0,973.1,973,973.1,54300
907,15:06,97,8.3,-17.7,0,973.1,973,973.1,54360
908,15:07,94,8.3,-17.7,0,973.1,973,973.1,54420
909,15:08,95,8.5,-17.7,0,973.1,973,973.1,54480
910,15:09,94,9,-17.6,0,973.1,973,973.1,54540
911,15:10,97,9.1,-17.6,0,973,973,973,54600
912,15:11,95,8.5,-17.5,0,973.1,973,973.1,54660
913,15:12,97,8.3,-17.5,0,973,973,973,54720
914,15:13,90,8.3,-17.4,0,973,973,973,54780
915,15:14,95,8.2,-17.4,0,973,973,973,54840
916,15:15,94,8.6,-17.4,0,973,973,973,54900
917,15:16,90,8.9,-17.5,0,973,973,973,54960
918,15:17,97,9.2,-17.6,0,972.9,973,972.9,55020
919,15:18,94,8.5,-17.5,0,973,973,973,55080
920,15:19,97,8.9,-17.5,0,972.9,973,972.9,55140
921,15:20,97,9,-17.6,0,972.9,973,972.9,55200
922,15:21,97,9,-17.6,0,972.9,973,972.9,55260
923,15:22,97,8.4,-17.6,0,972.9,973,972.9,55320
924,15:23,96,8.6,-17.7,0,973,973,973,55380
925,15:24,96,8.5,-17.8,0,973,973,973,55440
926,15:25,95,8.5,-17.9,0,973,973,973,55500
927,15:26,98,8.4,-17.9,0,973,973,973,55560
928,15:27,97,7.8,-17.9,0,973,973,973,55620
929,15:28,101,8.3,-18,0,973,973,973,55680
930,15:29,102,8.2,-18,0,973,973,973,55740
931,15:30,100,8.4,-17.9,0,973,973,973,55800
932,15:31,96,8.1,-17.9,0,973,973,973,55860
933,15:32,94,7.8,-17.9,0,973.1,973,973.1,55920
934,15:33,102,7.9,-17.9,0,973.1,973,973.1,55980
935,15:34,101,7.3,-17.8,0,973.1,973,973.1,56040
936,15:35,101,7.6,-17.7,0,973.1,973,973.1,56100
937,15:36,98,7.6,-17.8,0,973.1,973,973.1,56160
938,15:37,102,6.9,-17.8,0,973.2,973,973.2,56220
939,15:38,99,5.8,-17.8,0,973.2,973,973.2,56280
940,15:39,100,5.1,-17.8,0,973.2,973,973.2,56340
941,15:40,106,5.2,-17.7,0,973.2,973,973.2,56400
942,15:41,119,5.6,-17.7,0,973.2,973,973.2,56460
943,15:42,113,6,-17.7,0,973.2,973,973.2,56520
944,15:43,110,5.8,-17.7,0,973.1,973,973.1,56580
945,15:44,106,5.4,-17.8,0,973.1,973,973.1,56640
946,15:45,105,5.1,-17.8,0,973.1,973,973.1,56700
947,15:46,113,5.4,-17.8,0,973.1,973,973.1,56760
948,15:47,111,6.4,-17.7,0,973.1,973,973.1,56820
949,15:48,106,6.4,-17.7,0,973.1,973,973.1,56880
950,15:49,102,6,-17.7,0,973.2,973,973.2,56940
951,15:50,102,5.9,-17.8,0,973.2,973,973.2,57000
952,15:51,100,5.6,-17.8,0,973.2,973,973.2,57060
953,15:52,103,6,-17.8,0,973.2,973,973.2,57120
954,15:53,103,5.9,-17.8,0,973.2,973,973.2,57180
955,15:54,103,5.7,-17.8,0,973.2,973,973.2,57240
956,15:55,112,6.3,-17.9,0,973.2,973,973.2,57300
957,15:56,113,6.4,-17.9,0,973.2,973,973.2,57360
958,15:57,101,6.8,-17.8,0,973.2,973,973.2,57420
959,15:58,102,6.5,-17.8,0,973.2,973,973.2,57480
960,15:59,103,6.6,-17.8,0,973.2,973,973.2,57540
961,16:00,97,6.5,-17.8,0,973.2,973,973.2,57600
962,16:01,97,6.8,-17.8,0,973.2,973,973.2,57660
963,16:02,95,6.9,-17.7,0,973.2,973,973.2,57720
964,16:03,94,7.1,-17.7,0,973.2,973,973.2,57780
965,16:04,90,6.5,-17.7,0,973.2,973,973.2,57840
966,16:05,80,6.7,-17.8,0,973.2,973,973.2,57900
967,16:06,81,7.1,-17.9,0,973.1,973,973.1,57960
968,16:07,90,7,-17.9,0,973.1,973,973.1,58020
969,16:08,93,6.9,-17.9,0,973.1,973,973.1,58080
970,16:09,93,7.3,-18,0,973.1,973,973.1,58140
971,16:10,94,7.5,-18.2,0,973.1,973,973.1,58200
972,16:11,94,7.3,-18.3,0,973.1,973,973.1,58260
973,16:12,96,7.5,-18.4,0,973,973,973,58320
974,16:13,91,7.5,-18.5,0,973,973,973,58380
975,16:14,87,8.4,-18.5,0,973,973,973,58440
976,16:15,87,7.7,-18.4,0,973,973,973,58500
977,16:16,91,7.8,-18.3,0,973,973,973,58560
978,16:17,93,7.7,-18.2,0,973,973,973,58620
979,16:18,92,8,-18,0,973,973,973,58680
980,16:19,91,8.2,-17.8,0,972.9,973,972.9,58740
981,16:20,87,8.1,-17.6,0,972.9,973,972.9,58800
982,16:21,86,8,-17.7,0,972.9,973,972.9,58860
983,16:22,93,7.7,-17.8,0,972.9,973,972.9,58920
984,16:23,95,7.5,-17.9,0,972.9,973,972.9,58980
985,16:24,96,7,-17.8,0,972.9,973,972.9,59040
986,16:25,88,7.8,-17.8,0,972.9,973,972.9,59100
987,16:26,92,7.6,-17.8,0,972.9,973,972.9,59160
988,16:27,90,7.4,-17.8,0,972.9,973,972.9,59220
989,16:28,87,6.4,-17.9,0,972.9,973,972.9,59280
990,16:29,91,6.6,-17.9,0,972.9,973,972.9,59340
991,16:30,85,6.3,-17.7,0,972.9,973,972.9,59400
992,16:31,83,6,-17.5,0,972.9,973,972.9,59460
993,16:32,87,6.1,-17.6,0,972.9,973,972.9,59520
994,16:33,83,6.8,-17.7,0,972.9,973,972.9,59580
995,16:34,90,6.8,-17.8,0,972.8,972.8,972.8,59640
996,16:35,85,6.1,-17.9,0,972.8,972.8,972.8,59700
997,16:36,86,5.9,-18,0,972.8,972.8,972.8,59760
998,16:37,86,5.9,-18.1,0,972.8,972.9,972.8,59820
999,16:38,92,5.6,-18.1,0,972.8,972.8,972.8,59880
1000,16:39,99,6,-18.2,0,972.9,973,972.9,59940
1001,16:40,101,6.3,-18.4,0,972.8,972.9,972.8,60000
1002,16:41,95,6.3,-18.5,0,972.9,973,972.9,60060
1003,16:42,90,6.5,-18.6,0,972.9,973,972.9,60120
1004,16:43,80,6.2,-18.6,0,972.9,973,972.9,60180
1005,16:44,84,6.7,-18.5,0,972.9,973,972.9,60240
1006,16:45,91,7,-18.4,0,972.9,973,972.9,60300
1007,16:46,86,5.9,-18.4,0,972.9,973,972.9,60360
1008,16:47,91,5.9,-18.3,0,972.9,973,972.9,60420
1009,16:48,75,5.3,-18.4,0,972.9,973,972.9,60480
1010,16:49,64,5.6,-18.5,0,972.9,973,972.9,60540
1011,16:50,64,5.6,-18.7,0,972.9,973,972.9,60600
1012,16:51,86,5.3,-18.8,0,972.9,973,972.9,60660
1013,16:52,95,5.2,-18.8,0,972.9,973,972.9,60720
1014,16:53,86,5.5,-18.8,0,972.9,973,972.9,60780
1015,16:54,86,5.4,-18.8,0,973,973,973,60840
1016,16:55,70,5.5,-19,0,973,973,973,60900
1017,16:56,68,5.7,-19.1,0,973,973,973,60960
1018,16:57,79,5.9,-18.9,0,973,973,973,61020
1019,16:58,86,6,-18.9,0,973,973,973,61080
1020,16:59,90,5.6,-18.9,0,973,973,973,61140
1021,17:00,88,5.2,-19,0,973,973,973,61200
1022,17:01,101,5.6,-19.2,0,973,973,973,61260
1023,17:02,99,5.6,-19.4,0,973,973,973,61320
1024,17:03,89,5.1,-19.4,0,973,973,973,61380
1025,17:04,80,5,-19.3,0,973,973,973,61440
1026,17:05,64,5,-19.3,0,973.1,973,973.1,61500
1027,17:06,79,4.8,-19.2,0,973,973,973,61560
1028,17:07,96,4.8,-18.9,0,973,973,973,61620
1029,17:08,105,4.8,-18.8,0,973,973,973,61680
1030,17:09,109,4.9,-18.8,0,973,973,973,61740
1031,17:10,101,5.1,-18.9,0,973,973,973,61800
1032,17:11,83,4.9,-19,0,973.1,973,973.1,61860
1033,17:12,60,5.5,-19.2,0,973.1,973,973.1,61920
1034,17:13,66,5.9,-19.2,0,973.1,973,973.1,61980
1035,17:14,77,5.5,-19,0,973,973,973,62040
1036,17:15,82,4.9,-18.9,0,973,973,973,62100
1037,17:16,86,4.8,-19,0,973,973,973,62160
1038,17:17,96,5.1,-19.1,0,973,973,973,62220
1039,17:18,86,5,-19.2,0,973,973,973,62280
1040,17:19,76,4.7,-19.3,0,973,973,973,62340
1041,17:20,108,5.6,-19.3,0,973,973,973,62400
1042,17:21,107,6.1,-19.4,0,973,973,973,62460
1043,17:22,89,5.4,-19.3,0,973,973,973,62520
1044,17:23,97,5.5,-19.3,0,972.9,973,972.9,62580
1045,17:24,93,6.1,-19.3,0,972.9,973,972.9,62640
1046,17:25,91,5.8,-19.1,0,972.9,973,972.9,62700
1047,17:26,88,6.2,-18.9,0,972.9,973,972.9,62760
1048,17:27,94,5.6,-18.8,0,972.9,973,972.9,62820
1049,17:28,88,5.3,-18.8,0,973,973,973,62880
1050,17:29,95,5.8,-18.7,0,973,973,973,62940
1051,17:30,95,6.2,-18.6,0,973,973,973,63000
1052,17:31,99,6.5,-18.5,0,973,973,973,63060
1053,17:32,80,5.3,-18.5,0,973,973,973,63120
1054,17:33,89,5.5,-18.5,0,973,973,973,63180
1055,17:34,93,5.8,-18.5,0,973,973,973,63240
1056,17:35,94,5.5,-18.4,0,973,973,973,63300
1057,17:36,91,5.5,-18.4,0,973,973,973,63360
1058,17:37,89,6.3,-18.5,0,973,973,973,63420
1059,17:38,94,5.9,-18.5,0,973,973,973,63480
1060,17:39,96,6,-18.5,0,973,973,973,63540
1061,17:40,95,5.9,-18.5,0,973,973,973,63600
1062,17:41,98,5.9,-18.5,0,973,973,973,63660
1063,17:42,99,6.4,-18.5,0,973,973,973,63720
1064,17:43,93,6,-18.6,0,973,973,973,63780
1065,17:44,95,6.3,-18.7,0,973,973,973,63840
1066,17:45,87,6,-18.7,0,973,973,973,63900
1067,17:46,80,6.3,-18.7,0,973,973,973,63960
1068,17:47,70,6.1,-18.6,0,973,973,973,64020
1069,17:48,80,6,-18.6,0,973,973,973,64080
1070,17:49,78,5.9,-18.6,0,973,973,973,64140
1071,17:50,81,5.8,-18.5,0,973,973,973,64200
1072,17:51,86,6,-18.5,0,973,973,973,64260
1073,17:52,76,5.9,-18.7,0,973,973,973,64320
1074,17:53,84,5.4,-19,0,973,973,973,64380
1075,17:54,90,5.5,-19.2,0,972.9,973,972.9,64440
1076,17:55,97,6.4,-19.4,0,972.9,973,972.9,64500
1077,17:56,100,6,-19.5,0,972.9,973,972.9,64560
1078,17:57,96,6.6,-19.5,0,972.9,973,972.9,64620
1079,17:58,99,5.8,-19.6,0,972.9,973,972.9,64680
1080,17:59,101,6.1,-19.6,0,972.9,973,972.9,64740
1081,18:00,96,6.6,-19.7,0,972.9,973,972.9,64800
1082,18:01,102,6.9,-19.4,0,972.9,973,972.9,64860
1083,18:02,105,6.8,-19.2,0,972.9,973,972.9,64920
1084,18:03,109,7,-19.2,0,972.9,973,972.9,64980
1085,18:04,103,6.9,-19.2,0,972.9,973,972.9,65040
1086,18:05,98,6.5,-19.1,0,972.9,973,972.9,65100
1087,18:06,98,7,-18.9,0,972.9,973,972.9,65160
1088,18:07,101,7.3,-18.6,0,972.9,973,972.9,65220
1089,18:08,102,7.5,-18.4,0,973,973,973,65280
1090,18:09,100,7.7,-18.3,0,973,973,973,65340
1091,18:10,91,6.9,-18.4,0,973,973,973,65400
1092,18:11,92,7.3,-18.3,0,973,973,973,65460
1093,18:12,96,7,-18.2,0,973,973,973,65520
1094,18:13,100,7.9,-18.1,0,972.9,973,972.9,65580
1095,18:14,105,7.7,-18.1,0,972.9,973,972.9,65640
1096,18:15,101,7.6,-18.2,0,972.9,973,972.9,65700
1097,18:16,101,7.6,-18.3,0,972.9,973,972.9,65760
1098,18:17,105,7.7,-18.4,0,972.9,973,972.9,65820
1099,18:18,109,8.3,-18.2,0,972.8,972.8,972.8,65880
1100,18:19,108,7.7,-18.2,0,972.8,972.9,972.8,65940
1101,18:20,107,8.1,-18.2,0,972.8,972.7,972.8,66000
1102,18:21,108,7.5,-18.1,0,972.8,972.9,972.8,66060
1103,18:22,111,8,-18.1,0,972.9,973,972.9,66120
1104,18:23,109,8.2,-18,0,972.8,972.7,972.8,66180
1105,18:24,105,8,-18,0,972.8,972.5,972.8,66240
1106,18:25,110,8,-18,0,972.8,972.9,972.8,66300
1107,18:26,108,7.9,-18.1,0,972.8,972.9,972.8,66360
1108,18:27,114,8.8,-18.1,0,972.8,972.6,972.8,66420
1109,18:28,117,8.8,-18,0,972.8,972,972.8,66480
1110,18:29,106,7.1,-18,0,972.9,973,972.9,66540
1111,18:30,105,7.8,-18,0,972.8,972.8,972.8,66600
1112,18:31,103,7.8,-18.1,0,972.8,972.3,972.8,66660
1113,18:32,106,7.8,-18,0,972.8,972.3,972.8,66720
1114,18:33,95,7.1,-18.1,0,972.8,972.2,972.8,66780
1115,18:34,98,7.4,-18.1,0,972.8,972.1,972.8,66840
1116,18:35,104,7,-18.1,0,972.8,972,972.8,66900
1117,18:36,104,7.3,-18.1,0,972.8,972.2,972.8,66960
1118,18:37,104,7.5,-18.1,0,972.8,972.1,972.8,67020
1119,18:38,106,7.9,-18.2,0,972.8,972.4,972.8,67080
1120,18:39,109,7.9,-18.2,0,972.8,972.3,972.8,67140
1121,18:40,100,6.8,-18.3,0,972.8,972.4,972.8,67200
1122,18:41,102,7.3,-18.3,0,972.8,972.8,972.8,67260
1123,18:42,102,6.8,-18.4,0,972.8,972.7,972.8,67320
1124,18:43,99,6.5,-18.3,0,972.8,972.7,972.8,67380
1125,18:44,99,6.9,-18.3,0,972.8,972.5,972.8,67440
1126,18:45,98,7.3,-18.4,0,972.8,972.2,972.8,67500
1127,18:46,101,7.4,-18.4,0,972.8,972,972.8,67560
1128,18:47,104,7,-18.4,0,972.8,972,972.8,67620
1129,18:48,100,6.8,-18.4,0,972.8,972,972.8,67680
1130,18:49,103,7.1,-18.5,0,972.8,972,972.8,67740
1131,18:50,98,7.2,-18.4,0,972.7,972,972.7,67800
1132,18:51,102,7,-18.4,0,972.7,972,972.7,67860
1133,18:52,107,6.8,-18.4,0,972.7,972,972.7,67920
1134,18:53,99,6.4,-18.4,0,972.7,972,972.7,67980
1135,18:54,102,6.6,-18.4,0,972.7,972,972.7,68040
1136,18:55,99,6.2,-18.4,0,972.7,972,972.7,68100
1137,18:56,106,6.4,-18.3,0,972.7,972,972.7,68160
1138,18:57,100,6.9,-18.3,0,972.7,972,972.7,68220
1139,18:58,99,6.7,-18.3,0,972.7,972,972.7,68280
1140,18:59,100,6.5,-18.3,0,972.7,972,972.7,68340
1141,19:00,106,7,-18.3,0,972.7,972,972.7,68400
1142,19:01,101,6.5,-18.3,0,972.7,972,972.7,68460
1143,19:02,110,7.1,-18.3,0,972.7,972,972.7,68520
1144,19:03,109,7.4,-18.3,0,972.7,972,972.7,68580
1145,19:04,100,6.2,-18.3,0,972.7,972,972.7,68640
1146,19:05,104,6.9,-18.3,0,972.7,972,972.7,68700
1147,19:06,106,6.8,-18.4,0,972.7,972,972.7,68760
1148,19:07,107,7.4,-18.3,0,972.7,972,972.7,68820
1149,19:08,105,7,-18.3,0,972.7,972,972.7,68880
1150,19:09,100,6.7,-18.3,0,972.7,972,972.7,68940
1151,19:10,102,6.7,-18.3,0,972.6,972,972.6,69000
1152,19:11,104,6.6,-18.3,0,972.6,972,972.6,69060
1153,19:12,105,6.7,-18.2,0,972.6,972,972.6,69120
1154,19:13,100,6.8,-18.2,0,972.6,972,972.6,69180
1155,19:14,99,7.4,-18.3,0,972.6,972,972.6,69240
1156,19:15,98,7.1,-18.3,0,972.6,972,972.6,69300
1157,19:16,97,7,-18.3,0,972.6,972,972.6,69360
1158,19:17,98,7.1,-18.2,0,972.6,972,972.6,69420
1159,19:18,101,7.2,-18.2,0,972.6,972,972.6,69480
1160,19:19,99,7.2,-18.2,0,972.6,972,972.6,69540
1161,19:20,99,6.7,-18.2,0,972.6,972,972.6,69600
1162,19:21,96,6.7,-18.3,0,972.6,972,972.6,69660
1163,19:22,91,7,-18.3,0,972.6,972,972.6,69720
1164,19:23,93,7,-18.3,0,972.6,972,972.6,69780
1165,19:24,95,7,-18.3,0,972.6,972,972.6,69840
1166,19:25,96,6.8,-18.3,0,972.6,972,972.6,69900
1167,19:26,96,6.6,-18.4,0,972.6,972,972.6,69960
1168,19:27,98,6.8,-18.5,0,972.6,972,972.6,70020
1169,19:28,96,7.1,-18.5,0,972.6,972,972.6,70080
1170,19:29,95,6.8,-18.7,0,972.6,972,972.6,70140
1171,19:30,95,6.9,-18.8,0,972.7,972,972.7,70200
1172,19:31,96,6.4,-18.9,0,972.6,972,972.6,70260
1173,19:32,101,6.2,-19,0,972.6,972,972.6,70320
1174,19:33,99,6.1,-19,0,972.6,972,972.6,70380
1175,19:34,97,5.8,-19,0,972.6,972,972.6,70440
1176,19:35,104,5.6,-19.1,0,972.6,972,972.6,70500
1177,19:36,102,6.1,-19.2,0,972.6,972,972.6,70560
1178,19:37,98,6,-19.2,0,972.6,972,972.6,70620
1179,19:38,92,5.4,-19.2,0,972.6,972,972.6,70680
1180,19:39,85,5.2,-19.1,0,972.6,972,972.6,70740
1181,19:40,78,4.9,-18.9,0,972.7,972,972.7,70800
1182,19:41,94,5.5,-18.7,0,972.7,972,972.7,70860
1183,19:42,89,5.5,-18.6,0,972.7,972,972.7,70920
1184,19:43,87,5.9,-18.7,0,972.6,972,972.6,70980
1185,19:44,81,5.8,-18.8,0,972.7,972,972.7,71040
1186,19:45,88,5.4,-18.9,0,972.7,972,972.7,71100
1187,19:46,86,5.4,-18.9,0,972.7,972,972.7,71160
1188,19:47,94,5.2,-18.9,0,972.7,972,972.7,71220
1189,19:48,89,5.6,-18.8,0,972.7,972,972.7,71280
1190,19:49,91,5.2,-18.7,0,972.7,972,972.7,71340
1191,19:50,94,5.5,-18.7,0,972.7,972,972.7,71400
1192,19:51,89,5.6,-18.8,0,972.7,972,972.7,71460
1193,19:52,88,5.1,-18.9,0,972.7,972,972.7,71520
1194,19:53,87,5.1,-19,0,972.7,972,972.7,71580
1195,19:54,87,5,-19.1,0,972.7,972,972.7,71640
1196,19:55,74,4.8,-19.2,0,972.7,972,972.7,71700
1197,19:56,73,4.8,-19.2,0,972.7,972,972.7,71760
1198,19:57,76,4.6,-19.2,0,972.7,972,972.7,71820
1199,19:58,78,4.7,-19.2,0,972.6,972,972.6,71880
1200,19:59,82,4.6,-19.3,0,972.6,972,972.6,71940
1201,20:00,76,4.5,-19.3,0,972.7,972,972.7,72000
1202,20:01,77,4.5,-19.3,0,972.7,972,972.7,72060
1203,20:02,78,4.5,-19.4,0,972.6,972,972.6,72120
1204,20:03,84,4.3,-19.4,0,972.6,972,972.6,72180
1205,20:04,109,4.2,-19.4,0,972.6,972,972.6,72240
1206,20:05,98,4,-19.5,0,972.6,972,972.6,72300
1207,20:06,72,4.4,-19.5,0,972.6,972,972.6,72360
1208,20:07,82,4.6,-19.5,0,972.6,972,972.6,72420
1209,20:08,81,4.5,-19.5,0,972.6,972,972.6,72480
1210,20:09,83,4.7,-19.5,0,972.6,972,972.6,72540
1211,20:10,85,5.2,-19.6,0,972.6,972,972.6,72600
1212,20:11,91,4.8,-19.5,0,972.6,972,972.6,72660
1213,20:12,87,4.6,-19.5,0,972.6,972,972.6,72720
1214,20:13,80,4.7,-19.5,0,972.6,972,972.6,72780
1215,20:14,78,4.6,-19.5,0,972.6,972,972.6,72840
1216,20:15,79,4.5,-19.6,0,972.6,972,972.6,72900
1217,20:16,80,4.4,-19.7,0,972.6,972,972.6,72960
1218,20:17,79,4.6,-19.8,0,972.6,972,972.6,73020
1219,20:18,92,4.6,-19.8,0,972.6,972,972.6,73080
1220,20:19,95,4.6,-19.9,0,972.6,972,972.6,73140
1221,20:20,96,4.6,-19.9,0,972.6,972,972.6,73200
1222,20:21,91,4.8,-19.8,0,972.6,972,972.6,73260
1223,20:22,83,4.9,-19.8,0,972.6,972,972.6,73320
1224,20:23,81,5,-19.7,0,972.6,972,972.6,73380
1225,20:24,86,4.9,-19.6,0,972.6,972,972.6,73440
1226,20:25,88,5.3,-19.6,0,972.6,972,972.6,73500
1227,20:26,91,5.7,-19.5,0,972.6,972,972.6,73560
1228,20:27,97,5.3,-19.6,0,972.5,972,972.5,73620
1229,20:28,114,5,-19.7,0,972.5,972,972.5,73680
1230,20:29,124,4.9,-19.8,0,972.5,972,972.5,73740
1231,20:30,130,5,-19.8,0,972.5,972,972.5,73800
1232,20:31,126,5.1,-19.9,0,972.5,972,972.5,73860
1233,20:32,125,4.9,-19.9,0,972.5,972,972.5,73920
1234,20:33,114,5.1,-19.9,0,972.5,972,972.5,73980
1235,20:34,114,5,-19.8,0,972.5,972,972.5,74040
1236,20:35,115,4.9,-19.9,0,972.5,972,972.5,74100
1237,20:36,118,4.8,-19.8,0,972.5,972,972.5,74160
1238,20:37,109,4.6,-19.8,0,972.6,972,972.6,74220
1239,20:38,106,4.5,-19.6,0,972.6,972,972.6,74280
1240,20:39,89,4.3,-19.5,0,972.6,972,972.6,74340
1241,20:40,70,4.5,-19.4,0,972.6,972,972.6,74400
1242,20:41,57,4.8,-19.3,0,972.6,972,972.6,74460
1243,20:42,70,4.9,-19.3,0,972.6,972,972.6,74520
1244,20:43,85,5.4,-19.3,0,972.6,972,972.6,74580
1245,20:44,78,5.4,-19.3,0,972.6,972,972.6,74640
1246,20:45,83,5.5,-19.3,0,972.7,972,972.7,74700
1247,20:46,80,5.6,-19.4,0,972.7,972,972.7,74760
1248,20:47,81,5.3,-19.5,0,972.7,972,972.7,74820
1249,20:48,89,5.2,-19.6,0,972.7,972,972.7,74880
1250,20:49,87,5.2,-19.8,0,972.7,972,972.7,74940
1251,20:50,86,5.1,-19.8,0,972.7,972,972.7,75000
1252,20:51,90,5.4,-19.6,0,972.7,972,972.7,75060
1253,20:52,98,5.6,-19.5,0,972.6,972,972.6,75120
1254,20:53,101,5.6,-19.5,0,972.6,972,972.6,75180
1255,20:54,92,5.9,-19.5,0,972.6,972,972.6,75240
1256,20:55,92,6,-19.5,0,972.6,972,972.6,75300
1257,20:56,95,5.6,-19.5,0,972.6,972,972.6,75360
1258,20:57,105,5.6,-19.5,0,972.6,972,972.6,75420
1259,20:58,108,5.7,-19.4,0,972.6,972,972.6,75480
1260,20:59,105,5.9,-19.3,0,972.6,972,972.6,75540
1261,21:00,113,5.9,-19.4,0,972.6,972,972.6,75600
1262,21:01,113,5.5,-19.5,0,972.6,972,972.6,75660
1263,21:02,113,5.1,-19.7,0,972.6,972,972.6,75720
1264,21:03,116,5.1,-19.6,0,972.6,972,972.6,75780
1265,21:04,113,5.5,-19.5,0,972.6,972,972.6,75840
1266,21:05,108,5.6,-19.3,0,972.6,972,972.6,75900
1267,21:06,110,5.7,-19.3,0,972.6,972,972.6,75960
1268,21:07,108,5.7,-19.2,0,972.6,972,972.6,76020
1269,21:08,108,5.8,-19.1,0,972.6,972,972.6,76080
1270,21:09,104,6.2,-19,0,972.6,972,972.6,76140
1271,21:10,104,6,-18.9,0,972.6,972,972.6,76200
1272,21:11,111,5.8,-18.8,0,972.6,972,972.6,76260
1273,21:12,111,5.9,-18.7,0,972.6,972,972.6,76320
1274,21:13,107,6.1,-18.6,0,972.6,972,972.6,76380
1275,21:14,102,6,-18.5,0,972.6,972,972.6,76440
1276,21:15,105,5.4,-18.5,0,972.6,972,972.6,76500
1277,21:16,108,5.4,-18.6,0,972.6,972,972.6,76560
1278,21:17,108,5.6,-18.6,0,972.6,972,972.6,76620
1279,21:18,101,5.7,-18.5,0,972.6,972,972.6,76680
1280,21:19,98,5.7,-18.5,0,972.6,972,972.6,76740
1281,21:20,95,5.7,-18.5,0,972.6,972,972.6,76800
1282,21:21,88,5.2,-18.6,0,972.6,972,972.6,76860
1283,21:22,88,4.9,-18.7,0,972.6,972,972.6,76920
1284,21:23,95,5,-18.7,0,972.7,972,972.7,76980
1285,21:24,105,5,-18.8,0,972.7,972,972.7,77040
1286,21:25,125,4.9,-18.9,0,972.7,972,972.7,77100
1287,21:26,128,5.1,-19,0,972.7,972,972.7,77160
1288,21:27,124,5.7,-19.2,0,972.7,972,972.7,77220
1289,21:28,119,5.8,-19.3,0,972.7,972,972.7,77280
1290,21:29,118,5.7,-19.4,0,972.7,972,972.7,77340
1291,21:30,107,5.6,-19.3,0,972.7,972,972.7,77400
1292,21:31,90,4.9,-19.1,0,972.7,972,972.7,77460
1293,21:32,82,5.5,-18.9,0,972.7,972,972.7,77520
1294,21:33,84,5.6,-18.7,0,972.7,972,972.7,77580
1295,21:34,88,5.6,-18.7,0,972.7,972,972.7,77640
1296,21:35,101,5.2,-18.7,0,972.7,972,972.7,77700
1297,21:36,95,5.4,-19,0,972.7,972,972.7,77760
1298,21:37,81,5.3,-19.3,0,972.7,972,972.7,77820
1299,21:38,75,5.9,-19.4,0,972.7,972,972.7,77880
1300,21:39,89,5.5,-19.6,0,972.7,972,972.7,77940
1301,21:40,94,5.5,-19.6,0,972.7,972,972.7,78000
1302,21:41,99,5.9,-19.5,0,972.7,972,972.7,78060
1303,21:42,101,5.4,-19.5,0,972.7,972,972.7,78120
1304,21:43,100,5.7,-19.6,0,972.7,972,972.7,78180
1305,21:44,90,6.3,-19.7,0,972.7,972,972.7,78240
1306,21:45,93,6.8,-19.7,0,972.7,972,972.7,78300
1307,21:46,99,6.8,-19.7,0,972.6,972,972.6,78360
1308,21:47,101,6.4,-19.7,0,972.7,972,972.7,78420
1309,21:48,103,6.6,-19.7,0,972.7,972,972.7,78480
1310,21:49,97,6.7,-19.7,0,972.6,972,972.6,78540
1311,21:50,93,7.1,-19.6,0,972.7,972,972.7,78600
1312,21:51,96,7.8,-19.4,0,972.7,972,972.7,78660
1313,21:52,95,7.6,-19.3,0,972.7,972,972.7,78720
1314,21:53,98,7.2,-19.2,0,972.7,972,972.7,78780
1315,21:54,99,7.4,-19.2,0,972.6,972,972.6,78840
1316,21:55,99,7.7,-19.2,0,972.6,972,972.6,78900
1317,21:56,97,7.7,-19.3,0,972.6,972,972.6,78960
1318,21:57,98,7.3,-19.4,0,972.6,972,972.6,79020
1319,21:58,100,7.9,-19.4,0,972.6,972,972.6,79080
1320,21:59,94,7.7,-19.4,0,972.6,972,972.6,79140
1321,22:00,97,7.3,-19.3,0,972.6,972,972.6,79200
1322,22:01,99,7.6,-19.4,0,972.6,972,972.6,79260
1323,22:02,97,7.8,-19.4,0,972.5,972,972.5,79320
1324,22:03,98,7.9,-19.3,0,972.5,972,972.5,79380
1325,22:04,98,7.4,-19.5,0,972.5,972,972.5,79440
1326,22:05,96,7.4,-19.6,0,972.4,972,972.4,79500
1327,22:06,88,7.1,-19.6,0,972.4,972,972.4,79560
1328,22:07,96,7.1,-19.7,0,972.4,972,972.4,79620
1329,22:08,97,7.4,-19.8,0,972.4,972,972.4,79680
1330,22:09,99,7.2,-19.9,0,972.4,972,972.4,79740
1331,22:10,104,6.8,-20,0,972.4,972,972.4,79800
1332,22:11,103,6.5,-20,0,972.4,972,972.4,79860
1333,22:12,97,7,-20,0,972.4,972,972.4,79920
1334,22:13,99,7.9,-19.9,0,972.4,972,972.4,79980
1335,22:14,100,7.8,-19.8,0,972.4,972,972.4,80040
1336,22:15,101,7.6,-19.6,0,972.3,972,972.3,80100
1337,22:16,99,7.5,-19.5,0,972.3,972,972.3,80160
1338,22:17,97,7.3,-19.6,0,972.4,972,972.4,80220
1339,22:18,97,7.5,-19.5,0,972.4,972,972.4,80280
1340,22:19,99,7.1,-19.4,0,972.3,972,972.3,80340
1341,22:20,101,6.8,-19.3,0,972.4,972,972.4,80400
1342,22:21,97,7.1,-19.3,0,972.4,972,972.4,80460
1343,22:22,99,7.6,-19.3,0,972.4,972,972.4,80520
1344,22:23,98,7.5,-19.3,0,972.4,972,972.4,80580
1345,22:24,96,7.5,-19.4,0,972.5,972,972.5,80640
1346,22:25,98,7.5,-19.4,0,972.4,972,972.4,80700
1347,22:26,101,7.2,-19.4,0,972.5,972,972.5,80760
1348,22:27,102,7.5,-19.4,0,972.4,972,972.4,80820
1349,22:28,104,6.6,-19.4,0,972.4,972,972.4,80880
1350,22:29,101,6.5,-19.5,0,972.4,972,972.4,80940
1351,22:30,99,7.4,-19.6,0,972.4,972,972.4,81000
1352,22:31,98,7.3,-19.6,0,972.4,972,972.4,81060
1353,22:32,98,7.5,-19.4,0,972.4,972,972.4,81120
1354,22:33,97,7.8,-19.3,0,972.5,972,972.5,81180
1355,22:34,97,8,-19.3,0,972.5,972,972.5,81240
1356,22:35,98,8.2,-19.4,0,972.5,972,972.5,81300
1357,22:36,92,8.2,-19.4,0,972.5,972,972.5,81360
1358,22:37,83,7.5,-19.4,0,972.5,972,972.5,81420
1359,22:38,87,8.2,-19.3,0,972.5,972,972.5,81480
1360,22:39,89,7.3,-19.3,0,972.5,972,972.5,81540
1361,22:40,81,6.9,-19.4,0,972.5,972,972.5,81600
1362,22:41,92,7.2,-19.5,0,972.4,972,972.4,81660
1363,22:42,92,7.2,-19.8,0,972.4,972,972.4,81720
1364,22:43,93,7,-20,0,972.4,972,972.4,81780
1365,22:44,94,6.7,-20.2,0,972.4,972,972.4,81840
1366,22:45,94,6.7,-20.3,0,972.4,972,972.4,81900
1367,22:46,95,7.7,-20.4,0,972.4,972,972.4,81960
1368,22:47,97,7.8,-20.4,0,972.4,972,972.4,82020
1369,22:48,99,8,-20.2,0,972.4,972,972.4,82080
1370,22:49,99,7.8,-20.2,0,972.4,972,972.4,82140
1371,22:50,97,8.1,-20.1,0,972.4,972,972.4,82200
1372,22:51,98,8.5,-19.9,0,972.4,972,972.4,82260
1373,22:52,96,8.6,-19.6,0,972.4,972,972.4,82320
1374,22:53,95,8.5,-19.4,0,972.4,972,972.4,82380
1375,22:54,93,7.5,-19.3,0,972.4,972,972.4,82440
1376,22:55,94,8.6,-19.4,0,972.3,972,972.3,82500
1377,22:56,95,8.1,-19.4,0,972.4,972,972.4,82560
1378,22:57,94,8.4,-19.4,0,972.4,972,972.4,82620
1379,22:58,93,8.3,-19.4,0,972.3,972,972.3,82680
1380,22:59,95,7.8,-19.5,0,972.3,972,972.3,82740
1381,23:00,95,8.1,-19.4,0,972.3,972,972.3,82800
1382,23:01,95,8.2,-19.5,0,972.3,972,972.3,82860
1383,23:02,96,8,-19.6,0,972.3,972,972.3,82920
1384,23:03,96,8.4,-19.8,0,972.3,972,972.3,82980
1385,23:04,97,8.1,-19.9,0,972.3,972,972.3,83040
1386,23:05,97,8.1,-20,0,972.3,972,972.3,83100
1387,23:06,96,7.9,-20.1,0,972.3,972,972.3,83160
1388,23:07,96,7.5,-20.2,0,972.3,972,972.3,83220
1389,23:08,96,7.4,-20.3,0,972.3,972,972.3,83280
1390,23:09,98,7.6,-20.4,0,972.3,972,972.3,83340
1391,23:10,96,8,-20.4,0,972.3,972,972.3,83400
1392,23:11,94,7.9,-20.4,0,972.3,972,972.3,83460
1393,23:12,97,7.8,-20.5,0,972.3,972,972.3,83520
1394,23:13,97,7.6,-20.5,0,972.3,972,972.3,83580
1395,23:14,97,7.3,-20.3,0,972.3,972,972.3,83640
1396,23:15,96,7.8,-20.3,0,972.3,972,972.3,83700
1397,23:16,95,7.3,-20.4,0,972.3,972,972.3,83760
1398,23:17,95,7.7,-20.4,0,972.3,972,972.3,83820
1399,23:18,97,7.8,-20.4,0,972.3,972,972.3,83880
1400,23:19,98,7.4,-20.4,0,972.3,972,972.3,83940
1401,23:20,98,7.9,-20.4,0,972.3,972,972.3,84000
1402,23:21,97,8.3,-20.5,0,972.3,972,972.3,84060
1403,23:22,97,7.9,-20.6,0,972.3,972,972.3,84120
1404,23:23,95,8.2,-20.6,0,972.3,972,972.3,84180
1405,23:24,93,7.8,-20.6,0,972.3,972,972.3,84240
1406,23:25,95,8,-20.5,0,972.3,972,972.3,84300
1407,23:26,94,8.1,-20.5,0,972.2,972,972.2,84360
1408,23:27,92,7.4,-20.6,0,972.3,972,972.3,84420
1409,23:28,95,7.6,-20.6,0,972.2,972,972.2,84480
1410,23:29,93,7.8,-20.6,0,972.2,972,972.2,84540
1411,23:30,95,7.4,-20.5,0,972.3,972,972.3,84600
1412,23:31,95,7.7,-20.6,0,972.2,972,972.2,84660
1413,23:32,95,7.6,-20.7,0,972.2,972,972.2,84720
1414,23:33,95,7.4,-20.8,0,972.3,972,972.3,84780
1415,23:34,91,8.3,-20.6,0,972.3,972,972.3,84840
1416,23:35,92,7.7,-20.5,0,972.3,972,972.3,84900
1417,23:36,96,7.9,-20.4,0,972.2,972,972.2,84960
1418,23:37,99,8.1,-20.3,0,972.3,972,972.3,85020
1419,23:38,98,8.4,-20.3,0,972.3,972,972.3,85080
1420,23:39,97,8.3,-20.1,0,972.3,972,972.3,85140
1421,23:40,97,8.4,-20.2,0,972.3,972,972.3,85200
1422,23:41,96,8.1,-20.4,0,972.3,972,972.3,85260
1423,23:42,96,8,-20.6,0,972.3,972,972.3,85320
1424,23:43,95,7.9,-20.7,0,972.3,972,972.3,85380
1425,23:44,95,8.2,-20.6,0,972.3,972,972.3,85440
1426,23:45,95,8.2,-20.5,0,972.3,972,972.3,85500
1427,23:46,94,8.3,-20.6,0,972.2,972,972.2,85560
1428,23:47,93,8.1,-20.7,0,972.2,972,972.2,85620
1429,23:48,93,8.3,-20.8,0,972.2,972,972.2,85680
1430,23:49,91,7.9,-20.7,0,972.2,972,972.2,85740
1431,23:50,92,7.8,-20.7,0,972.2,972,972.2,85800
1432,23:51,94,8.3,-20.6,0,972.2,972,972.2,85860
1433,23:52,94,8.4,-20.4,0,972.2,972,972.2,85920
1434,23:53,93,8.2,-20.3,0,972.2,972,972.2,85980
1435,23:54,95,8.6,-20.4,0,972.2,972,972.2,86040
1436,23:55,95,8.6,-20.4,0,972.2,972,972.2,86100
1437,23:56,97,8.6,-20.5,0,972.1,972,972.1,86160
1438,23:57,95,8.3,-20.6,0,972.1,972,972.1,86220
1439,23:58,97,8.2,-20.7,0,972.1,972,972.1,86280
1440,23:59,96,8.1,-20.6,0,972.1,972,972.1,86340
